"customer_id","register_to_order","first_to_last_order","total_spent","total_units"
"C328276L",-2,0,"20242.00","1"
"C922780L",150,0,"4640.00","1"
"C587876L",-31,0,"284200.00","1"
"C137906L",15,0,"348000.00","1"
"C417601L",44,0,"90480.00","1"
"C283866L",8,84,"16691066.00","14"
"C668740L",-10,0,"99760.00","2"
"C922671L",109,206,"319000.00","10"
"C942567L",-4,0,"43500.00","1"
"C393377L",249,0,"107010.00","1"
"C471143L",6,0,"6380.00","1"
"C496729L",34,0,"50750.00","1"
"C594887L",-42,0,"65830.00","1"
"C249412L",440,0,"77140.00","1"
"C307564L",27,94,"200100.00","2"
"C338216L",153,0,"87000.00","1"
"C312106L",22,0,"231942.00","1"
"C601325L",-107,0,"40600.00","1"
"C136019L",295,0,"107300.00","1"
"C117684L",18,0,"49126.00","1"
"C130292L",49,0,"0.00","3"
"C664917L",67,0,"364240.00","1"
"C120526L",420,0,"278400.00","1"
"C404107L",136,0,"115420.00","2"
"C776499L",378,0,"301600.00","1"
"C617369L",189,0,"22620.00","3"
"C244357L",-255,0,"342200.00","1"
"C628905L",181,0,"261000.00","1"
"C733738L",70,0,"2051344.00","1"
"C896007L",26,151,"76560.00","2"
"C985421L",0,0,"97440.00","2"
"C210702L",24,0,"127600.00","1"
"C164613L",-147,202,"261812.00","3"
"C480341L",-12,0,"87000.00","2"
"C464050L",21,0,"145464.00","1"
"C323695L",22,0,"2088.00","1"
"C694803L",-10,0,"73544.00","1"
"C442477L",28,0,"90480.00","1"
"C298129L",-4,2,"162284.00","2"
"C840493L",25,0,"174000.00","1"
"C574563L",-3,0,"2818800.00","1"
"C246788L",14,0,"57710.00","1"
"C491827L",15,0,"45008.00","2"
"C118563L",152,0,"588062.00","1"
"C978166L",-4,0,"24360.00","1"
"C566303L",57,0,"168200.00","1"
"C501549L",8,0,"1923280.00","1"
"C300950L",326,0,"0.00","1"
"C835970L",6,149,"423765.40","10"
"C193256L",25,0,"19140.00","1"
"C713173L",33,0,"864200.00","1"
"C639016L",105,0,"231942.00","1"
"C607524L",11,0,"23200.00","1"
"C338436L",15,0,"57710.00","1"
"C603038L",18,0,"241280.00","1"
"C142496L",-194,0,"46110.00","1"
"C455662L",4,0,"606390.00","1"
"C422905L",39,0,"29580.00","1"
"C835857L",121,0,"14324492.00","26"
"C164454L",453,0,"3729.40","1"
"C325171L",-5,0,"92742.00","1"
"C952100L",-3,0,"120060.00","1"
"C448684L",4,0,"127600.00","4"
"C276832L",119,0,"80910.00","1"
"C435496L",201,0,"203000.00","1"
"C669321L",72,47,"186528.00","4"
"C562005L",139,118,"226780.00","2"
"C573426L",123,0,"261000.00","1"
"C280961L",235,0,"116116.00","2"
"C699289L",27,0,"145000.00","1"
"C551259L",4,0,"279270.00","1"
"C955201L",-11,0,"19140.00","1"
"C587254L",20,0,"4378942.00","1"
"C225454L",71,0,"1924150.00","1"
"C973598L",-129,0,"31900.00","1"
"C248469L",-162,0,"400200.00","1"
"C257349L",6,0,"86942.00","1"
"C356780L",301,0,"139200.00","1"
"C873465L",12,0,"342200.00","1"
"C992994L",-122,0,"43790.00","1"
"C342926L",29,84,"8450542.00","2"
"C399668L",140,0,"4476150.00","1"
"C602518L",98,0,"350900.00","1"
"C613878L",7,0,"209774.40","3"
"C949014L",-303,0,"66410.00","1"
"C735448L",92,0,"487200.00","1"
"C889581L",26,0,"57942.00","1"
"C700804L",123,0,"72500.00","1"
"C978174L",-163,0,"532440.00","1"
"C555803L",64,0,"92220.00","1"
"C588150L",13,0,"11600.00","1"
"C662094L",-69,0,"145000.00","1"
"C313534L",316,0,"1887900.00","1"
"C249528L",1,0,"5046000.00","1"
"C252501L",19,0,"36482.00","1"
"C507691L",-226,0,"5626000.00","1"
"C607268L",59,0,"11542.00","1"
"C306006L",102,0,"399040.00","1"
"C815209L",10,0,"218950.00","1"
"C450037L",-3,0,"3362782.00","1"
"C153475L",-147,0,"290000.00","2"
"C618216L",62,7,"5591200.00","2"
"C446118L",1,0,"130500.00","1"
"C925101L",60,0,"4364964.00","1"
"C923240L",56,0,"626400.00","5"
"C534529L",-231,232,"27144.00","2"
"C515315L",58,0,"279270.00","1"
"C456367L",180,0,"62640.00","3"
"C931640L",-32,0,"167040.00","1"
"C548018L",-3,0,"23200.00","1"
"C599976L",139,0,"53940.00","3"
"C822619L",-120,0,"69600.00","1"
"C544247L",96,0,"40310.00","1"
"C738132L",-165,0,"55680.00","2"
"C334170L",25,0,"127600.00","1"
"C471171L",163,0,"69600.00","1"
"C795421L",-21,0,"145000.00","1"
"C655658L",16,0,"86710.00","1"
"C213152L",227,0,"403100.00","1"
"C687298L",8,0,"434420.00","1"
"C329646L",187,0,"1508000.00","2"
"C121106L",-115,291,"384250.00","3"
"C845035L",46,42,"1190160.00","7"
"C307555L",100,0,"81200.00","1"
"C307212L",-33,0,"400200.00","1"
"C615777L",-11,0,"400200.00","1"
"C402794L",100,0,"806200.00","2"
"C538976L",46,0,"28420.00","1"
"C824702L",97,0,"185542.00","1"
"C995465L",-2,0,"60726.00","3"
"C897819L",94,104,"1059660.00","2"
"C371659L",6,244,"15392504.00","4"
"C589584L",375,0,"328860.00","1"
"C573259L",204,0,"57710.00","1"
"C814804L",-78,0,"63800.00","1"
"C499767L",5,0,"3049350.00","1"
"C460493L",212,0,"635100.00","1"
"C607118L",34,0,"5219942.00","1"
"C262624L",7,0,"69600.00","1"
"C364214L",27,0,"42630.00","1"
"C269732L",-3,196,"258042.00","2"
"C132041L",213,0,"5556284.00","2"
"C222231L",213,0,"318942.00","1"
"C315116L",-3,0,"649600.00","1"
"C318338L",-10,0,"145000.00","1"
"C772704L",-160,438,"548448.00","22"
"C862596L",20,0,"217500.00","1"
"C738783L",248,0,"203000.00","5"
"C950055L",103,10,"136300.00","2"
"C615267L",82,0,"109910.00","1"
"C863732L",58,0,"124700.00","1"
"C845064L",-129,244,"2891242.00","5"
"C420548L",-181,188,"584060.00","2"
"C333379L",3,0,"429200.00","1"
"C162876L",17,0,"69542.00","1"
"C902626L",239,0,"333500.00","1"
"C499225L",25,0,"139200.00","1"
"C700972L",-7,0,"326250.00","1"
"C929625L",12,0,"348000.00","1"
"C266096L",21,0,"479312.00","4"
"C785729L",174,0,"81200.00","1"
"C160191L",-201,0,"174000.00","1"
"C118268L",113,83,"568400.00","7"
"C811645L",67,0,"86420.00","1"
"C201592L",79,0,"232000.00","1"
"C565719L",-4,0,"28710.00","1"
"C575072L",10,0,"147900.00","3"
"C759123L",115,0,"182294.00","7"
"C275787L",19,318,"5228932.00","8"
"C184584L",130,0,"48720.00","7"
"C339498L",171,0,"5626000.00","1"
"C307395L",90,0,"116000.00","2"
"C861081L",19,7,"881600.00","3"
"C481062L",150,21,"1237314.00","2"
"C823087L",222,0,"69600.00","12"
"C717679L",-185,185,"498742.00","2"
"C347731L",-28,0,"1913942.00","1"
"C543327L",0,0,"488360.00","1"
"C885445L",1,0,"5597000.00","1"
"C825710L",-184,0,"86942.00","1"
"C120985L",116,0,"149060.00","2"
"C873660L",5,0,"35380.00","1"
"C768131L",-10,150,"99180.00","2"
"C517438L",105,0,"403100.00","1"
"C182986L",-25,329,"1210112.00","22"
"C153734L",-5,0,"133342.00","1"
"C231527L",18,0,"52780.00","1"
"C388624L",-13,0,"204102.00","1"
"C935675L",10,0,"173710.00","1"
"C846307L",-243,0,"227360.00","8"
"C987822L",-91,0,"0.00","1"
"C860675L",-131,0,"28710.00","1"
"C319615L",15,0,"5591780.00","1"
"C649227L",-4,0,"133342.00","1"
"C305512L",6,0,"400200.00","1"
"C884094L",-2,0,"71340.00","2"
"C589918L",-6,0,"1355402.00","1"
"C694063L",-11,0,"57942.00","1"
"C888201L",93,0,"488360.00","1"
"C479915L",252,0,"139142.00","1"
"C310729L",77,0,"174000.00","2"
"C976222L",143,0,"217500.00","3"
"C199971L",102,0,"572460.00","1"
"C280043L",15,0,"3958500.00","1"
"C188576L",7,0,"15660.00","1"
"C141121L",-13,0,"493000.00","1"
"C680479L",11,0,"841000.00","1"
"C166377L",-114,0,"4734540.00","1"
"C596264L",3,0,"51910.00","1"
"C860324L",12,0,"58000.00","1"
"C889309L",-76,0,"87000.00","1"
"C830894L",7,0,"8700.00","1"
"C914322L",42,0,"78300.00","1"
"C692085L",24,141,"188500.00","2"
"C465805L",5,0,"432854.00","1"
"C498022L",6,0,"49938.00","1"
"C370700L",9,0,"179684.00","2"
"C701690L",10,0,"172840.00","1"
"C506612L",-50,0,"37990.00","1"
"C420873L",137,0,"493000.00","1"
"C508875L",-1,0,"689330.00","1"
"C649688L",32,0,"484880.00","2"
"C840846L",-44,0,"1565420.00","1"
"C527232L",162,0,"174000.00","1"
"C485200L",-7,0,"231362.00","1"
"C690107L",161,0,"156600.00","1"
"C842855L",-9,0,"2490984.00","1"
"C371126L",10,0,"149060.00","2"
"C491779L",25,0,"145000.00","1"
"C491617L",-5,0,"400200.00","1"
"C149387L",-164,0,"400200.00","1"
"C155618L",-7,0,"163560.00","3"
"C538751L",17,0,"2308518.90","1"
"C868361L",12,0,"4640.00","1"
"C955474L",-13,0,"273760.00","1"
"C462580L",-284,0,"16820.00","1"
"C811149L",18,0,"88450.00","1"
"C799147L",-97,0,"133342.00","1"
"C927578L",207,0,"400200.00","1"
"C359917L",5,0,"211700.00","2"
"C133037L",-3,0,"242440.00","1"
"C536052L",-2,0,"469800.00","1"
"C348605L",8,0,"443700.00","1"
"C910919L",-163,0,"1682000.00","1"
"C876695L",-102,0,"117160.00","2"
"C287698L",77,0,"304500.00","1"
"C279618L",19,0,"2900.00","1"
"C474500L",-103,0,"348000.00","2"
"C874037L",8,0,"95120.00","1"
"C501840L",-38,0,"2924070.00","1"
"C442998L",13,0,"118900.00","2"
"C661635L",59,0,"4054200.00","1"
"C579948L",-2,0,"124410.00","1"
"C928110L",11,49,"9425.00","2"
"C603902L",129,0,"127020.00","1"
"C331049L",19,0,"282808.00","2"
"C361277L",26,0,"45240.00","1"
"C410131L",5,0,"2051344.00","1"
"C546651L",17,0,"2591440.00","1"
"C813690L",-1,0,"115942.00","1"
"C926914L",14,0,"397184.00","1"
"C866995L",28,0,"256650.00","1"
"C491883L",133,0,"107880.00","1"
"C230401L",8,0,"400200.00","1"
"C527394L",-248,0,"156600.00","1"
"C675111L",-88,0,"5161942.00","1"
"C792683L",58,140,"6619888.00","3"
"C119187L",17,260,"206770.00","3"
"C639287L",-64,0,"95932.00","1"
"C487004L",147,16,"153642.00","2"
"C198991L",-6,0,"4638840.00","1"
"C789607L",-6,0,"226200.00","1"
"C678436L",22,0,"377000.00","1"
"C853448L",-59,0,"3440850.00","1"
"C534632L",7,3,"348000.00","6"
"C899192L",-155,602,"23727742.00","7"
"C855607L",24,0,"96280.00","1"
"C637916L",11,0,"55100.00","1"
"C441685L",-45,0,"8120.00","1"
"C727016L",13,0,"3683000.00","1"
"C163688L",76,0,"110200.00","1"
"C325659L",24,0,"269526.00","3"
"C331164L",66,0,"500250.00","1"
"C506255L",27,0,"63510.00","1"
"C815210L",0,0,"63742.00","1"
"C286894L",-61,0,"46342.00","1"
"C219951L",-10,0,"57942.00","1"
"C116575L",-7,0,"290000.00","2"
"C870613L",118,0,"56637.00","1"
"C678199L",-116,0,"0.00","1"
"C766353L",55,0,"632200.00","1"
"C686567L",410,0,"39904.00","1"
"C297051L",72,0,"5170642.00","1"
"C727528L",3,2,"406000.00","2"
"C827455L",143,0,"5046000.00","1"
"C433456L",70,0,"4054200.00","1"
"C169465L",-81,0,"34800.00","3"
"C370725L",61,0,"17110.00","1"
"C696835L",-241,0,"174000.00","1"
"C475513L",3,0,"283214.00","1"
"C254504L",12,0,"443700.00","1"
"C487379L",-198,0,"400200.00","1"
"C604951L",-222,0,"400200.00","1"
"C177455L",228,47,"290000.00","8"
"C682272L",-5,0,"190240.00","2"
"C137975L",1,0,"179800.00","1"
"C263329L",-148,0,"324800.00","1"
"C373286L",39,0,"241860.00","1"
"C954451L",3,0,"113100.00","1"
"C384466L",243,165,"698900.00","2"
"C852181L",26,0,"107880.00","1"
"C179316L",20,0,"86710.00","1"
"C713963L",70,0,"1795680.00","1"
"C539850L",12,0,"241280.00","1"
"C923611L",60,0,"95700.00","1"
"C823301L",424,0,"95642.00","1"
"C811261L",-79,252,"2943442.00","3"
"C674489L",15,0,"237800.00","1"
"C264319L",-59,0,"86130.00","3"
"C987729L",-32,0,"98600.00","1"
"C844766L",91,0,"139142.00","1"
"C867277L",-1,0,"4698000.00","1"
"C725701L",273,0,"91350.00","3"
"C485577L",32,64,"275500.00","2"
"C953757L",256,0,"53650.00","5"
"C883259L",75,0,"86942.00","1"
"C563099L",85,0,"400200.00","1"
"C646589L",14,0,"77720.00","2"
"C162721L",-199,692,"14495679.00","23"
"C179018L",-156,523,"591600.00","15"
"C616555L",11,0,"377000.00","1"
"C654812L",0,0,"104168.00","1"
"C631361L",183,296,"839086.00","15"
"C795594L",97,0,"119712.00","3"
"C454739L",42,0,"145000.00","1"
"C401196L",-217,0,"217500.00","1"
"C355658L",21,0,"29580.00","3"
"C454203L",88,0,"145000.00","1"
"C815278L",-112,0,"261000.00","1"
"C636191L",10,0,"246442.00","1"
"C661506L",0,0,"19778.00","1"
"C357173L",-115,0,"579942.00","1"
"C746995L",36,115,"219124.00","2"
"C827195L",-138,0,"156426.00","3"
"C983438L",13,59,"348000.00","3"
"C570200L",12,0,"58000.00","1"
"C324310L",27,0,"261000.00","1"
"C794109L",8,0,"580.00","2"
"C625394L",18,9,"108808.00","4"
"C284729L",17,0,"222720.00","4"
"C684080L",43,66,"289884.00","4"
"C203778L",164,0,"127600.00","1"
"C634098L",14,0,"101442.00","1"
"C296709L",13,0,"144942.00","1"
"C844272L",49,0,"493000.00","1"
"C618204L",9,0,"28710.00","1"
"C827470L",249,0,"104400.00","4"
"C340065L",177,0,"173942.00","1"
"C831683L",198,257,"3189304.00","3"
"C313927L",229,0,"2588250.00","1"
"C765265L",3,0,"208800.00","1"
"C214319L",14,0,"243600.00","1"
"C720927L",-190,334,"2871812.00","13"
"C951682L",-197,628,"80330.00","22"
"C588745L",61,0,"3741000.00","1"
"C445034L",142,0,"110200.00","1"
"C476508L",-103,0,"162400.00","2"
"C159556L",21,0,"174000.00","1"
"C426604L",110,0,"1130942.00","1"
"C194988L",55,0,"33640.00","2"
"C610215L",2,0,"217500.00","1"
"C404192L",-119,334,"6056940.00","46"
"C656580L",-2,0,"79170.00","2"
"C348049L",68,56,"7772000.00","3"
"C513311L",197,0,"63394.00","1"
"C326415L",26,0,"76850.00","1"
"C342990L",7,0,"121800.00","1"
"C203780L",-5,0,"131950.00","1"
"C399101L",163,281,"7260672.00","6"
"C504512L",165,0,"38860.00","1"
"C636267L",16,0,"81780.00","3"
"C491796L",-14,0,"30160.00","1"
"C111795L",-151,31,"215760.00","2"
"C127916L",190,0,"329498.00","1"
"C154874L",143,0,"81142.00","1"
"C885240L",28,0,"139200.00","15"
"C115187L",-345,0,"34800.00","1"
"C711147L",-232,0,"43500.00","1"
"C987789L",6,0,"248994.00","1"
"C514513L",-153,0,"31900.00","1"
"C364237L",85,0,"32401.12","1"
"C920542L",-51,0,"377000.00","1"
"C641048L",3,0,"439002.00","1"
"C974881L",26,10,"187398.00","2"
"C747623L",-3,0,"290000.00","2"
"C228201L",23,0,"400200.00","1"
"C487680L",2,0,"17400.00","1"
"C442089L",12,0,"40600.00","1"
"C847874L",198,0,"73732.50","1"
"C768693L",117,3,"213440.00","8"
"C319891L",-200,0,"173710.00","1"
"C196682L",16,0,"2005350.00","1"
"C334923L",282,0,"162400.00","1"
"C901461L",21,0,"247950.00","1"
"C323618L",9,0,"51910.00","1"
"C481158L",12,0,"3857000.00","1"
"C610697L",12,0,"116000.00","1"
"C493693L",28,0,"1682000.00","1"
"C974989L",-8,0,"59450.00","1"
"C713301L",-4,0,"46342.00","1"
"C790632L",163,0,"106575.00","7"
"C600915L",31,0,"100920.00","2"
"C531212L",-164,0,"2714400.00","1"
"C485098L",-55,0,"33060.00","1"
"C878882L",10,0,"1886450.00","1"
"C395230L",0,0,"3145050.00","1"
"C268356L",51,0,"145000.00","1"
"C778477L",2,228,"19140.00","2"
"C520646L",248,0,"145000.00","1"
"C998017L",100,0,"4958942.00","1"
"C749600L",6,0,"290000.00","1"
"C786292L",399,0,"589570.00","1"
"C170228L",87,106,"417078.00","2"
"C897925L",2,0,"70064.00","1"
"C319070L",8,43,"521826.00","9"
"C960523L",145,0,"46284.00","1"
"C522216L",11,137,"22660542.00","9"
"C991374L",-103,0,"23200.00","1"
"C813497L",4,13,"8388192.00","3"
"C474371L",-160,226,"86420.00","3"
"C130579L",10,0,"182700.00","1"
"C895064L",-130,0,"614800.00","4"
"C157329L",172,0,"85550.00","1"
"C903932L",-22,0,"342200.00","1"
"C734229L",496,0,"53360.00","1"
"C621738L",2,0,"185600.00","2"
"C373264L",107,0,"98542.00","1"
"C840710L",14,0,"182856.60","1"
"C818614L",93,0,"218950.00","1"
"C749915L",35,0,"74240.00","1"
"C998847L",-145,0,"86942.00","1"
"C194353L",-1,318,"288318.00","5"
"C122312L",4,0,"52142.00","1"
"C180913L",9,23,"144594.00","3"
"C261934L",108,0,"69484.00","2"
"C214095L",6,0,"81200.00","1"
"C655824L",-4,0,"1682000.00","1"
"C714630L",31,0,"0.00","3"
"C649308L",255,0,"20590.00","1"
"C358152L",67,0,"400200.00","1"
"C681410L",-31,0,"75400.00","1"
"C160960L",20,0,"73080.00","6"
"C130909L",18,0,"264480.00","1"
"C732744L",9,0,"232000.00","1"
"C836769L",252,0,"46110.00","1"
"C503253L",79,230,"466842.00","2"
"C956932L",33,0,"145000.00","1"
"C371890L",-82,0,"46874.44","1"
"C147101L",-46,0,"145000.00","1"
"C865251L",40,0,"468408.00","3"
"C127476L",194,0,"122090.00","1"
"C127259L",60,0,"336400.00","2"
"C368853L",29,0,"34742.00","1"
"C429168L",6,0,"92800.00","1"
"C846752L",9,0,"287738.00","1"
"C411792L",15,0,"51910.00","1"
"C877494L",176,0,"113100.00","3"
"C637564L",-125,0,"162400.00","1"
"C608133L",60,46,"369460.00","2"
"C964914L",209,0,"230550.00","3"
"C956638L",-298,0,"307400.00","2"
"C767768L",8,0,"400200.00","1"
"C960072L",10,0,"251256.00","2"
"C505925L",-132,0,"400200.00","1"
"C418238L",11,0,"76560.00","2"
"C935068L",27,0,"116000.00","2"
"C294880L",19,0,"6321942.00","1"
"C559662L",-138,0,"53650.00","1"
"C575152L",-63,0,"17342.00","1"
"C879647L",86,0,"45820.00","2"
"C824945L",-9,0,"113332.00","1"
"C346363L",72,0,"39440.00","1"
"C534714L",26,0,"217500.00","3"
"C682748L",34,0,"57420.00","3"
"C905299L",7,0,"165764.00","1"
"C665419L",24,0,"261000.00","1"
"C277620L",4,0,"86942.00","1"
"C871208L",-162,0,"81142.00","1"
"C140374L",239,0,"126614.00","1"
"C408108L",-56,0,"127600.00","1"
"C875810L",-71,0,"116000.00","1"
"C716226L",-6,0,"377000.00","1"
"C455788L",-96,198,"1003400.00","3"
"C890492L",-5,0,"429200.00","1"
"C536852L",5,0,"4370358.00","2"
"C830897L",4,0,"397300.00","1"
"C622494L",-91,0,"2005350.00","1"
"C339395L",-110,0,"7656000.00","1"
"C467150L",14,0,"464000.00","2"
"C854229L",16,0,"2380900.00","1"
"C533914L",-121,0,"480878.00","1"
"C848031L",-10,0,"24360.00","2"
"C820598L",24,0,"41876.00","1"
"C441526L",-44,0,"104400.00","6"
"C676102L",51,153,"573910.00","3"
"C187532L",277,0,"289710.00","5"
"C566964L",135,0,"568400.00","1"
"C287376L",-83,85,"921040.00","3"
"C265794L",110,0,"22620.00","1"
"C560271L",124,0,"79750.00","1"
"C189137L",-100,0,"145000.00","1"
"C855070L",15,0,"28710.00","1"
"C726644L",-192,0,"203000.00","1"
"C903814L",3,0,"92800.00","1"
"C793479L",0,0,"110200.00","1"
"C360252L",-95,214,"6728000.00","4"
"C835246L",-106,0,"101848.00","1"
"C610917L",25,0,"37410.00","1"
"C205273L",206,0,"711254.00","1"
"C371673L",1,0,"290000.00","1"
"C315052L",355,67,"76792.00","2"
"C704506L",-148,0,"11600.00","1"
"C681745L",80,0,"231710.00","1"
"C839319L",95,0,"371200.00","2"
"C766077L",2,0,"800342.00","1"
"C877981L",84,0,"20880.00","1"
"C137528L",137,0,"143550.00","1"
"C836809L",1,0,"464000.00","1"
"C471285L",4,0,"103820.00","1"
"C885913L",-2,0,"369750.00","1"
"C581597L",29,0,"522000.00","2"
"C624203L",1,0,"110142.00","1"
"C989030L",63,30,"347536.00","2"
"C355284L",-169,31,"624892.00","2"
"C239715L",-97,155,"106720.00","2"
"C900279L",87,0,"522000.00","2"
"C820997L",-101,0,"289942.00","1"
"C451226L",26,0,"220400.00","1"
"C569230L",45,106,"800400.00","2"
"C377576L",24,0,"111360.00","2"
"C324132L",6,0,"1653000.00","15"
"C324691L",14,0,"841000.00","1"
"C760843L",21,0,"5596942.00","1"
"C913727L",12,0,"510400.00","1"
"C172885L",103,151,"7938402.00","6"
"C962021L",42,0,"116000.00","2"
"C388303L",15,0,"4698000.00","1"
"C870086L",6,0,"57942.00","1"
"C236137L",242,0,"59160.00","6"
"C911330L",10,0,"47154.00","1"
"C924211L",19,0,"87000.00","1"
"C382868L",-25,482,"23746360.00","18"
"C504884L",125,0,"185600.00","2"
"C617436L",45,0,"20242.00","1"
"C211322L",19,0,"28710.00","1"
"C328972L",15,0,"153700.00","1"
"C866875L",3,0,"400200.00","1"
"C415088L",3,0,"189950.00","5"
"C367985L",12,0,"29000.00","1"
"C789657L",102,0,"84970.00","1"
"C185073L",-39,0,"91350.00","3"
"C937013L",7,0,"551000.00","1"
"C129799L",48,0,"86942.00","1"
"C749538L",11,0,"464000.00","1"
"C160493L",33,248,"5962046.20","18"
"C673213L",12,0,"144130.00","1"
"C852354L",-64,0,"290000.00","1"
"C735927L",49,0,"1343280.00","1"
"C737831L",-135,0,"232000.00","1"
"C504457L",-68,0,"377000.00","1"
"C935913L",1,0,"116000.00","2"
"C687663L",142,0,"116116.00","2"
"C794312L",-9,0,"84100.00","1"
"C375595L",7,0,"488360.00","1"
"C770531L",248,0,"53360.00","1"
"C738762L",166,0,"44544.00","3"
"C305250L",99,0,"5170642.00","1"
"C326720L",65,0,"11310.00","1"
"C894815L",35,265,"159500.00","3"
"C543153L",11,0,"400200.00","1"
"C562870L",17,0,"43500.00","2"
"C584267L",-11,0,"282750.00","1"
"C417984L",-168,0,"290000.00","2"
"C565100L",93,0,"100050.00","1"
"C517770L",35,0,"100920.00","2"
"C888281L",62,0,"328280.00","1"
"C937189L",0,0,"391210.00","5"
"C729877L",158,0,"348522.00","2"
"C548863L",167,0,"87000.00","1"
"C898427L",-9,0,"124700.00","1"
"C988571L",-1,0,"236930.00","3"
"C251748L",20,0,"92220.00","1"
"C373144L",11,0,"250560.00","2"
"C231044L",-112,0,"145000.00","1"
"C441288L",-176,0,"347826.00","3"
"C735239L",242,0,"197150.70","1"
"C617555L",9,0,"2323944.00","1"
"C986196L",231,0,"49300.00","2"
"C959097L",86,143,"34800.00","2"
"C430651L",-63,0,"174000.00","1"
"C822217L",131,0,"58568.40","1"
"C715596L",-257,0,"5800.00","1"
"C822607L",113,0,"46342.00","1"
"C335422L",5,0,"51910.00","1"
"C469091L",8,0,"46342.00","1"
"C884211L",-37,0,"186122.00","1"
"C150251L",12,0,"435000.00","1"
"C308797L",255,0,"31900.00","1"
"C468569L",12,279,"642640.00","2"
"C134052L",-36,0,"1390260.00","3"
"C503615L",380,0,"17400.00","1"
"C749092L",-119,0,"261000.00","1"
"C402534L",10,0,"232000.00","1"
"C509242L",-13,0,"374100.00","1"
"C621459L",-8,0,"116000.00","1"
"C174885L",292,0,"203000.00","1"
"C898787L",5,0,"243600.00","1"
"C481492L",11,0,"1552370.00","1"
"C469190L",162,214,"292900.00","3"
"C685666L",10,0,"40310.00","1"
"C423193L",181,0,"208800.00","3"
"C927175L",-66,0,"822150.00","1"
"C201138L",6,0,"11600.00","2"
"C530632L",-51,136,"272890.00","2"
"C341015L",-42,0,"159500.00","1"
"C645832L",1,0,"28710.00","1"
"C229632L",234,0,"289710.00","1"
"C821745L",13,0,"27260.00","1"
"C747459L",17,0,"156600.00","9"
"C432780L",-275,0,"202855.00","1"
"C407728L",14,0,"159790.00","1"
"C995819L",-194,197,"2725304.00","8"
"C893754L",68,296,"8412784.00","12"
"C365512L",93,0,"318942.00","1"
"C197481L",243,0,"232406.00","1"
"C375799L",-118,0,"34510.00","1"
"C389393L",9,0,"166750.00","1"
"C284309L",7,0,"17980.00","1"
"C318689L",45,0,"87000.00","1"
"C913874L",-150,0,"783000.00","3"
"C115338L",13,0,"4487402.00","1"
"C433008L",266,0,"40020.00","1"
"C435019L",9,0,"214310.00","1"
"C133603L",18,0,"34510.00","1"
"C899734L",257,0,"142506.00","1"
"C886572L",16,3,"1879200.00","2"
"C306772L",81,0,"39094.90","2"
"C763705L",12,0,"427518.00","1"
"C591135L",286,0,"38918.00","1"
"C299472L",382,0,"41760.00","1"
"C419203L",167,0,"54230.00","1"
"C298804L",154,0,"680920.00","1"
"C492939L",-134,0,"86884.00","2"
"C414142L",-123,0,"255200.00","1"
"C642541L",198,0,"53940.00","1"
"C462603L",-7,0,"8700.00","1"
"C720917L",282,20,"765600.00","3"
"C188782L",-193,483,"273725.20","4"
"C149990L",8,16,"15066080.00","3"
"C890940L",54,284,"1075610.00","45"
"C671684L",50,0,"558830.00","1"
"C827569L",177,0,"800400.00","2"
"C194207L",-231,0,"156020.00","1"
"C351587L",-123,356,"24232748.00","6"
"C908490L",-12,0,"159500.00","1"
"C791179L",301,0,"260942.00","1"
"C856436L",-2,0,"13282.00","1"
"C213952L",-151,0,"63800.00","2"
"C985193L",-251,0,"26100.00","1"
"C493986L",-13,0,"69542.00","1"
"C571352L",266,0,"409422.00","1"
"C508080L",12,1,"290000.00","2"
"C762827L",75,0,"45051.50","1"
"C467527L",127,0,"92800.00","2"
"C936402L",20,0,"28710.00","1"
"C688087L",6,0,"3561200.00","1"
"C996508L",5,476,"9319498.00","29"
"C455218L",141,0,"126150.00","1"
"C807877L",-153,212,"92800.00","2"
"C385750L",21,0,"203000.00","1"
"C154448L",35,0,"173942.00","1"
"C226151L",70,0,"287100.00","1"
"C239306L",-195,274,"12276512.00","10"
"C313074L",297,0,"400200.00","1"
"C430351L",9,0,"66700.00","1"
"C949023L",23,0,"2858240.00","1"
"C744100L",-169,0,"220922.00","1"
"C652874L",169,0,"57942.00","1"
"C942480L",-4,0,"400200.00","1"
"C615231L",3,0,"214600.00","1"
"C267737L",-126,0,"81142.00","1"
"C853288L",307,0,"400200.00","1"
"C531144L",-120,312,"660040.00","21"
"C898579L",72,0,"50460.00","1"
"C489981L",3,0,"3189884.00","2"
"C856161L",-188,0,"29000.00","1"
"C303681L",262,0,"116116.00","1"
"C324312L",-3,36,"10787130.00","15"
"C872680L",134,0,"243600.00","1"
"C673858L",-177,0,"127600.00","4"
"C576952L",10,159,"722100.00","13"
"C824977L",58,0,"3440850.00","1"
"C501323L",2,0,"11309826.00","3"
"C814229L",-93,576,"15836146.00","21"
"C143092L",198,0,"185600.00","1"
"C920061L",-12,0,"4336080.00","1"
"C130469L",2,0,"80910.00","1"
"C181793L",19,0,"367140.00","1"
"C266750L",126,0,"4638840.00","1"
"C157544L",138,72,"733700.00","2"
"C483469L",-5,297,"16317314.00","16"
"C564260L",22,0,"104400.00","1"
"C567924L",-62,0,"70760.00","1"
"C964079L",278,0,"1885000.00","1"
"C450527L",-3,0,"394168.00","1"
"C579215L",16,0,"156600.00","1"
"C573345L",-98,468,"772676.00","5"
"C944560L",106,0,"521942.00","1"
"C312237L",185,0,"78242.00","1"
"C499813L",28,0,"127600.00","1"
"C219599L",11,229,"407450.00","2"
"C419070L",219,0,"63800.00","1"
"C678763L",8,0,"58000.00","1"
"C232436L",-62,0,"1461484.00","2"
"C728795L",12,0,"133980.00","2"
"C309355L",6,0,"60900.00","3"
"C406756L",21,0,"202855.00","1"
"C763722L",-188,221,"1900950.00","2"
"C601525L",171,0,"564630.00","1"
"C516821L",197,0,"4001826.00","3"
"C576765L",-104,0,"400200.00","1"
"C165936L",10,0,"230550.00","1"
"C189167L",96,0,"166866.00","1"
"C382334L",11,0,"438770.00","1"
"C119111L",21,0,"696000.00","2"
"C682296L",294,0,"60900.00","3"
"C516304L",-17,0,"31900.00","1"
"C850822L",5,0,"185600.00","1"
"C202773L",120,141,"271614.00","11"
"C375470L",6,0,"400200.00","1"
"C992621L",94,133,"9047826.00","6"
"C615032L",0,0,"5291746.00","1"
"C418738L",-16,0,"47850.00","1"
"C587850L",289,0,"214600.00","1"
"C775652L",-13,0,"40310.00","1"
"C636477L",283,0,"107242.00","1"
"C312751L",114,0,"8467942.00","1"
"C702427L",28,0,"714699.78","2"
"C937356L",218,0,"58000.00","1"
"C439639L",-14,0,"270338.00","1"
"C961402L",-103,0,"1087500.00","1"
"C665132L",52,0,"33640.00","2"
"C241190L",-6,0,"1682000.00","1"
"C900833L",27,303,"219936.00","2"
"C625201L",154,0,"2238800.00","1"
"C229988L",226,44,"203818.38","2"
"C671496L",19,0,"255780.00","1"
"C291272L",-39,0,"73776.00","1"
"C710076L",150,0,"174000.00","3"
"C263693L",237,0,"89842.00","1"
"C787008L",226,0,"146450.00","1"
"C474287L",18,0,"319000.00","1"
"C162978L",-86,0,"90480.00","1"
"C215074L",-65,509,"28298942.40","17"
"C908967L",99,156,"5266110.00","301"
"C949560L",128,0,"237800.00","1"
"C224765L",10,0,"1392.00","1"
"C287218L",0,0,"46342.00","1"
"C722470L",-250,0,"86942.00","1"
"C751410L",18,6,"564630.00","2"
"C846030L",22,0,"202710.00","1"
"C140964L",406,0,"86420.00","1"
"C931442L",-112,0,"46400.00","1"
"C248634L",303,0,"378160.00","1"
"C268391L",68,0,"150800.00","1"
"C326471L",72,0,"2014920.00","1"
"C189105L",-6,0,"77720.00","1"
"C757189L",-15,0,"46342.00","1"
"C120003L",161,0,"43500.00","1"
"C268503L",36,227,"160080.00","3"
"C213949L",14,0,"1026542.00","1"
"C852000L",-219,0,"68150.00","1"
"C774952L",21,0,"33060.00","1"
"C532480L",27,0,"80910.00","3"
"C561770L",314,0,"116000.00","1"
"C508126L",50,280,"209554.00","2"
"C699636L",-6,0,"52200.00","3"
"C963211L",15,0,"63800.00","2"
"C642828L",29,251,"381640.00","3"
"C170658L",-118,0,"232000.00","1"
"C214255L",1,107,"2308400.00","5"
"C837518L",7,0,"5452000.00","1"
"C825085L",123,0,"28710.00","1"
"C848613L",18,0,"488360.00","1"
"C789047L",-13,262,"150220.00","4"
"C588147L",12,0,"112926.00","3"
"C835947L",8,0,"232000.00","1"
"C952778L",-153,0,"4734540.00","1"
"C571902L",63,0,"44080.00","2"
"C540782L",-177,193,"5001050.00","2"
"C921228L",180,0,"56550.00","1"
"C356795L",61,0,"101848.00","1"
"C942292L",186,37,"580000.00","2"
"C220967L",-207,0,"74097.90","1"
"C230249L",91,0,"283620.00","1"
"C706324L",-49,117,"435000.00","2"
"C140900L",-66,0,"67280.00","2"
"C765928L",22,0,"81142.00","1"
"C435225L",5,0,"102138.00","1"
"C686342L",0,0,"145000.00","1"
"C784177L",21,0,"3958500.00","1"
"C176578L",-15,0,"145000.00","1"
"C367336L",-5,0,"328860.00","1"
"C867333L",190,127,"10758884.00","3"
"C627638L",85,172,"160022.00","3"
"C284316L",8,0,"185600.00","1"
"C288152L",-70,333,"695188.00","3"
"C225180L",-61,0,"59856.00","1"
"C831589L",22,0,"4151640.00","1"
"C830683L",19,0,"2138239.60","1"
"C849967L",304,0,"261000.00","1"
"C912151L",2,0,"365400.00","1"
"C663429L",8,0,"17400.00","1"
"C977542L",32,0,"174000.00","1"
"C247805L",-126,0,"449500.00","1"
"C913444L",12,0,"159500.00","2"
"C459010L",17,0,"261000.00","1"
"C432709L",13,45,"1142600.00","3"
"C910506L",3,0,"379509.66","2"
"C858876L",13,0,"56840.00","1"
"C316209L",34,0,"415280.00","1"
"C630421L",164,0,"226200.00","2"
"C129183L",23,0,"9280.00","1"
"C219387L",242,0,"289710.00","1"
"C638447L",-88,0,"77314.00","1"
"C811269L",145,0,"154280.00","1"
"C816576L",112,0,"195170.00","1"
"C360250L",261,0,"219820.00","1"
"C464538L",14,0,"57710.00","1"
"C356931L",-147,0,"146740.00","1"
"C459460L",-2,187,"301600.00","16"
"C916534L",82,0,"522000.00","2"
"C947564L",134,0,"73950.00","1"
"C386328L",178,0,"243252.00","1"
"C373784L",-16,0,"1059776.00","1"
"C914828L",12,0,"104400.00","1"
"C417848L",23,0,"29000.00","1"
"C463544L",32,0,"39150.00","1"
"C464201L",13,0,"46400.00","1"
"C423808L",11,0,"105154.00","1"
"C119857L",32,8,"36250.00","2"
"C917797L",3,0,"40310.00","1"
"C225030L",10,0,"775344.00","1"
"C464900L",10,0,"290000.00","1"
"C865561L",164,0,"57710.00","1"
"C167007L",104,0,"260710.00","5"
"C781599L",2,0,"0.00","1"
"C198982L",-1,0,"55100.00","1"
"C359165L",1,0,"108460.00","1"
"C825216L",-152,401,"388542.00","3"
"C857523L",-198,0,"870000.00","2"
"C838948L",1,0,"5591780.00","1"
"C507403L",8,0,"57420.00","1"
"C663409L",-4,0,"5074942.00","1"
"C458563L",-7,0,"319000.00","1"
"C975490L",-86,0,"33350.00","1"
"C125658L",41,0,"87000.00","1"
"C623394L",184,0,"34510.00","1"
"C216573L",118,0,"116116.00","1"
"C154828L",111,56,"794484.00","3"
"C979878L",112,0,"145000.00","1"
"C658568L",9,0,"58000.00","1"
"C335101L",4,0,"32480.00","1"
"C662698L",12,0,"162110.00","1"
"C138865L",17,0,"16240.00","1"
"C200115L",2,444,"102398478.00","33"
"C415161L",21,0,"75110.00","1"
"C544293L",24,0,"4407942.00","1"
"C807552L",-67,0,"921330.00","1"
"C422949L",22,0,"161298.00","1"
"C236335L",-34,0,"400200.00","1"
"C274430L",-181,92,"114840.00","2"
"C844249L",-72,305,"2864910.00","10"
"C711225L",-11,0,"5800.00","1"
"C674615L",-1,8,"730800.00","3"
"C809029L",-210,0,"173942.00","1"
"C291014L",68,0,"50692.00","1"
"C577641L",-45,273,"264227.12","7"
"C933998L",-84,348,"476528.00","4"
"C221826L",3,0,"75342.00","1"
"C220444L",119,0,"156600.00","1"
"C676393L",272,0,"4065220.00","1"
"C157342L",19,0,"87000.00","1"
"C882579L",-54,0,"322770.00","1"
"C951955L",-8,0,"66120.00","2"
"C305209L",8,0,"1403600.00","2"
"C831829L",-2,0,"28420.00","1"
"C735415L",203,0,"464000.00","1"
"C805381L",39,198,"9421520.00","4"
"C945602L",17,0,"185600.00","1"
"C481682L",7,7,"93380.00","5"
"C352292L",-64,0,"46400.00","1"
"C239351L",15,0,"64188.60","1"
"C210771L",65,0,"156542.00","1"
"C158331L",-190,0,"434420.00","1"
"C780560L",-5,0,"31262.00","1"
"C191776L",-54,63,"779462.00","2"
"C166968L",22,353,"15835160.00","8"
"C725830L",224,0,"510400.00","1"
"C605914L",48,0,"4581942.00","1"
"C930720L",44,0,"69600.00","1"
"C379974L",38,0,"10962.00","1"
"C560133L",134,0,"115420.00","2"
"C453900L",4,0,"5219942.00","1"
"C184107L",-106,0,"78300.00","1"
"C690478L",26,0,"34800.00","2"
"C950218L",-4,59,"103530.00","3"
"C619230L",-308,0,"78300.00","1"
"C648252L",64,0,"115710.00","1"
"C555783L",74,0,"202855.00","1"
"C877563L",76,0,"434420.00","1"
"C421319L",303,0,"45240.00","2"
"C352856L",42,0,"69600.00","1"
"C650820L",-44,149,"8518460.00","3"
"C164603L",7,0,"55042.00","1"
"C978527L",47,16,"1022540.00","3"
"C692506L",1,0,"88508.00","1"
"C113061L",194,305,"507442.00","3"
"C253957L",76,0,"133400.00","1"
"C759934L",63,0,"28321.40","2"
"C158864L",11,0,"561440.00","2"
"C174413L",11,0,"2212410.00","1"
"C466208L",6,0,"143550.00","3"
"C875370L",14,0,"400200.00","1"
"C788999L",138,0,"174000.00","1"
"C967906L",27,0,"179974.00","1"
"C177843L",6,143,"1913536.00","12"
"C591890L",174,15,"127484.00","2"
"C395575L",2,0,"104400.00","2"
"C713425L",-194,0,"63800.00","1"
"C856545L",164,0,"12818.00","1"
"C493516L",-7,0,"521826.00","3"
"C667928L",4,0,"4151640.00","1"
"C192004L",3,0,"312446.00","1"
"C838910L",90,0,"184440.00","1"
"C859598L",-23,0,"17400.00","1"
"C191766L",5,351,"5025317.20","15"
"C701923L",-49,0,"82708.00","1"
"C998826L",55,0,"137460.00","1"
"C934224L",-123,151,"282228.00","2"
"C981765L",-112,0,"44080.00","4"
"C933054L",57,0,"130500.00","1"
"C507440L",9,0,"1507942.00","1"
"C581735L",11,0,"34742.00","1"
"C626822L",18,0,"290000.00","1"
"C881387L",83,0,"75400.00","1"
"C892614L",10,0,"232406.00","1"
"C451085L",19,349,"1432600.00","3"
"C479992L",7,434,"7390360.00","3"
"C241117L",0,0,"46342.00","1"
"C259075L",11,0,"5150922.00","1"
"C948713L",-29,0,"244296.00","1"
"C142435L",236,0,"376942.00","1"
"C817633L",15,0,"58000.00","1"
"C415752L",-4,0,"104342.00","1"
"C466135L",3,0,"46110.00","1"
"C509831L",-4,0,"74240.00","1"
"C594019L",-260,0,"232000.00","1"
"C745738L",-5,0,"28710.00","1"
"C367827L",10,0,"56550.00","1"
"C461208L",107,0,"261000.00","1"
"C415262L",72,0,"5707142.00","1"
"C185244L",-5,0,"319000.00","1"
"C280189L",-75,0,"58000.00","1"
"C933620L",-2,0,"324626.00","1"
"C400500L",13,0,"121742.00","1"
"C995184L",-70,0,"17400.00","1"
"C243200L",0,0,"488360.00","1"
"C477686L",20,0,"195750.00","1"
"C792602L",-104,0,"200100.00","1"
"C807718L",35,0,"26042.00","1"
"C684117L",-88,0,"348000.00","1"
"C545418L",20,0,"348000.00","1"
"C290087L",7,0,"11020.00","1"
"C280001L",-11,0,"46342.00","1"
"C882122L",-265,211,"142680.00","9"
"C695592L",13,0,"997600.00","1"
"C630744L",32,0,"62200.94","1"
"C238651L",8,0,"116000.00","1"
"C971803L",2,0,"74530.00","1"
"C434388L",-7,0,"57942.00","1"
"C253252L",-46,0,"92510.00","1"
"C925474L",16,0,"52142.00","1"
"C854213L",155,0,"103820.00","1"
"C242911L",-1,0,"46400.00","2"
"C240527L",12,0,"580000.00","1"
"C711954L",-5,55,"2807084.00","2"
"C279591L",11,0,"55100.00","1"
"C360501L",13,0,"493000.00","1"
"C810915L",-34,0,"232000.00","1"
"C752545L",11,0,"2604200.00","1"
"C634785L",14,0,"95120.00","1"
"C567506L",23,0,"50692.00","1"
"C467146L",4,0,"22910.00","1"
"C453517L",-6,0,"1355402.00","1"
"C134158L",288,0,"37352.00","1"
"C726270L",34,0,"312446.00","1"
"C531871L",13,0,"43500.00","1"
"C819822L",-2,0,"69600.00","1"
"C539674L",-64,99,"596182.00","5"
"C508903L",-315,0,"217500.00","1"
"C482428L",-45,41,"637420.00","2"
"C830695L",80,0,"16298.00","1"
"C781579L",-163,0,"116000.00","1"
"C135807L",13,0,"17400.00","1"
"C614531L",15,0,"37700.00","1"
"C259604L",-222,0,"282634.00","7"
"C749547L",224,0,"225156.00","1"
"C670896L",175,0,"464000.00","1"
"C761571L",89,0,"14442.00","1"
"C289731L",103,0,"400200.00","1"
"C150653L",9,112,"373346.00","2"
"C915506L",181,0,"43500.00","1"
"C115023L",1,0,"49010.00","1"
"C913594L",0,0,"454140.00","1"
"C723722L",217,0,"382800.00","1"
"C698097L",-67,423,"11418924.00","9"
"C953171L",-1,0,"104110.00","1"
"C349501L",-174,353,"641190.00","8"
"C584050L",424,0,"43500.00","1"
"C177534L",197,0,"371780.00","1"
"C543214L",1,0,"57710.00","5"
"C934098L",4,0,"115420.00","2"
"C858616L",13,0,"28710.00","1"
"C895286L",-157,159,"319000.00","2"
"C812780L",-15,0,"556742.00","1"
"C980464L",7,0,"56840.00","2"
"C803642L",4,0,"120060.00","2"
"C765490L",223,0,"28710.00","1"
"C817593L",22,0,"145000.00","1"
"C629303L",9,49,"601344.00","72"
"C558736L",-10,106,"580000.00","2"
"C400269L",11,0,"1392000.00","1"
"C139066L",-4,0,"435000.00","1"
"C770987L",-31,0,"98600.00","1"
"C862736L",8,0,"115942.00","1"
"C322236L",-17,0,"261000.00","1"
"C993898L",102,0,"556800.00","1"
"C589973L",-181,0,"11600.00","1"
"C327170L",-9,0,"3632192.00","1"
"C823220L",-3,0,"4734540.00","1"
"C512943L",227,0,"417600.00","3"
"C169476L",163,0,"41470.00","1"
"C409316L",2,0,"440800.00","1"
"C765777L",-118,0,"95700.00","1"
"C190902L",76,0,"23200.00","1"
"C899386L",5,0,"60320.00","2"
"C574758L",-18,0,"1747830.00","1"
"C869172L",-7,267,"4553254.62","57"
"C908694L",-124,0,"53360.00","2"
"C628392L",-63,0,"4410320.00","1"
"C887896L",-43,0,"114840.00","2"
"C510008L",18,0,"74530.00","1"
"C629286L",-217,0,"14442.00","1"
"C525578L",22,0,"8816.00","1"
"C157340L",3,0,"116000.00","20"
"C533080L",-95,0,"0.00","1"
"C351708L",-129,0,"145000.00","1"
"C186186L",107,0,"220922.00","1"
"C804461L",49,379,"405884.00","3"
"C296844L",-8,0,"321842.00","1"
"C640198L",181,0,"44320.70","1"
"C989951L",204,0,"146107.80","1"
"C149895L",0,24,"252300.00","3"
"C766565L",-86,0,"1015000.00","1"
"C701420L",-1,0,"70122.00","3"
"C576889L",3,0,"219762.00","1"
"C783306L",-155,0,"109910.00","1"
"C221220L",225,0,"8700.00","1"
"C660912L",32,0,"40310.00","1"
"C363466L",146,6,"9294268.00","5"
"C392296L",18,0,"1044000.00","4"
"C524286L",360,0,"397880.00","1"
"C127471L",-93,376,"270280.00","2"
"C704215L",74,0,"209496.00","1"
"C122490L",-2,0,"290000.00","2"
"C268482L",15,0,"232000.00","1"
"C209998L",83,0,"114840.00","2"
"C120370L",-81,0,"29000.00","1"
"C394799L",11,0,"351016.00","1"
"C828392L",-87,0,"92800.00","1"
"C755258L",131,0,"96048.00","2"
"C517907L",54,0,"159500.00","1"
"C806347L",-181,0,"261000.00","2"
"C900915L",-65,170,"3070230.00","3"
"C393928L",-3,0,"57710.00","1"
"C274332L",133,0,"29000.00","1"
"C164534L",125,0,"33060.00","1"
"C342826L",-5,0,"202710.00","1"
"C286514L",139,0,"139200.00","4"
"C485419L",23,0,"783000.00","1"
"C284236L",428,0,"502860.00","5"
"C688480L",-9,0,"1701720.00","1"
"C723603L",-67,0,"319000.00","10"
"C266463L",-2,0,"33060.00","1"
"C208458L",62,0,"87000.00","2"
"C505515L",2,213,"5965242.00","4"
"C721956L",12,0,"17400.00","1"
"C794879L",341,0,"107822.00","1"
"C337105L",-35,0,"115942.00","1"
"C887786L",-64,0,"1972000.00","1"
"C961921L",13,0,"28420.00","1"
"C130061L",-63,0,"15080.00","1"
"C936258L",-4,0,"69600.00","1"
"C899603L",-34,0,"86710.00","1"
"C862619L",50,0,"95526.00","1"
"C400506L",23,0,"139200.00","2"
"C509164L",156,0,"243600.00","1"
"C264694L",-3,0,"28884.00","2"
"C130483L",75,0,"284200.00","1"
"C809453L",1,0,"3045000.00","1"
"C602850L",458,0,"456750.00","1"
"C298406L",146,0,"403100.00","1"
"C596112L",22,0,"440800.00","1"
"C634209L",-5,0,"359600.00","1"
"C533321L",40,0,"26042.00","1"
"C715899L",-5,0,"98542.00","1"
"C618088L",17,0,"233160.00","1"
"C917760L",140,0,"400200.00","1"
"C128765L",396,0,"2212410.00","1"
"C844769L",219,0,"56840.00","2"
"C664685L",16,0,"116000.00","1"
"C259981L",-234,695,"695826.00","12"
"C580181L",2,0,"263900.00","1"
"C837617L",23,0,"75110.00","1"
"C276022L",6,0,"88450.00","1"
"C990599L",71,0,"49242.00","1"
"C744728L",179,0,"1894686.00","1"
"C836000L",16,0,"58.00","1"
"C871729L",-3,0,"1017900.00","1"
"C520904L",71,11,"72210.00","2"
"C485142L",-94,0,"123308.00","1"
"C344343L",-5,0,"797500.00","1"
"C813946L",26,0,"3026150.00","1"
"C592059L",270,0,"113042.00","1"
"C734482L",11,0,"174000.00","1"
"C780896L",-164,0,"246500.00","10"
"C859189L",13,0,"800400.00","2"
"C809015L",146,0,"383061.00","1"
"C128626L",51,0,"29000.00","1"
"C814366L",81,0,"174000.00","1"
"C308987L",74,4,"191806.00","2"
"C833878L",25,0,"63510.00","1"
"C799421L",15,0,"92742.00","1"
"C415413L",19,0,"116000.00","1"
"C627128L",-128,163,"1143180.00","11"
"C579794L",22,0,"509820.00","2"
"C352450L",-38,0,"202942.00","1"
"C349980L",201,133,"220342.00","5"
"C541943L",101,0,"298700.00","2"
"C782899L",144,0,"329440.00","1"
"C225547L",-18,0,"22910.00","1"
"C902527L",-141,0,"649600.00","1"
"C527720L",126,0,"145000.00","1"
"C651145L",-4,0,"123250.00","1"
"C496630L",0,0,"87000.00","1"
"C741034L",-4,0,"104400.00","1"
"C901850L",8,0,"69310.00","1"
"C333874L",22,0,"77256.00","1"
"C816773L",-5,47,"814320.00","2"
"C852575L",-297,0,"56840.00","1"
"C863131L",92,22,"1153910.00","2"
"C867922L",-2,0,"58000.00","10"
"C330641L",11,0,"80910.00","3"
"C196720L",90,273,"270280.00","3"
"C610078L",-13,0,"1197410.00","1"
"C180092L",6,0,"225620.00","1"
"C227974L",23,0,"980142.00","1"
"C944877L",-77,0,"797500.00","1"
"C718296L",-204,0,"1709840.00","1"
"C669116L",-99,0,"87000.00","1"
"C890419L",98,0,"69310.00","1"
"C777246L",11,0,"147900.00","6"
"C389745L",0,0,"1653928.00","1"
"C804553L",19,0,"104168.00","1"
"C288695L",84,0,"110200.00","1"
"C422171L",-7,0,"377000.00","1"
"C415016L",47,14,"580000.00","2"
"C774989L",203,0,"31900.00","1"
"C593574L",18,0,"290000.00","1"
"C658358L",132,0,"3711942.00","1"
"C887176L",23,0,"77836.00","2"
"C423666L",-5,0,"124410.00","1"
"C317768L",-7,0,"31900.00","1"
"C902080L",110,0,"327700.00","1"
"C289646L",315,0,"57942.00","1"
"C166327L",25,0,"173826.00","3"
"C555245L",3,290,"607608.00","4"
"C153551L",188,0,"400200.00","1"
"C684498L",249,0,"105154.00","1"
"C325626L",42,0,"56028.00","1"
"C668516L",10,0,"405420.00","1"
"C308989L",2,0,"976720.00","1"
"C713589L",135,0,"2610000.00","200"
"C708473L",-86,609,"134560.00","8"
"C807422L",176,0,"54404.00","1"
"C890155L",25,0,"115420.00","2"
"C282235L",-9,0,"394400.00","1"
"C651504L",5,0,"81200.00","1"
"C271135L",22,0,"120640.00","1"
"C794471L",1,0,"50750.00","1"
"C292536L",377,0,"1766042.00","1"
"C939631L",24,0,"43500.00","1"
"C503582L",12,0,"142100.00","1"
"C405819L",23,0,"91350.00","1"
"C204382L",0,0,"985942.00","1"
"C508330L",53,0,"281300.00","1"
"C320654L",-86,0,"69600.00","1"
"C223799L",-283,0,"1971942.00","1"
"C972075L",9,17,"233450.00","3"
"C199888L",-76,0,"244296.00","1"
"C984447L",-4,0,"84042.00","1"
"C885565L",68,27,"2949184.00","4"
"C203840L",6,0,"630750.00","1"
"C185914L",160,0,"72500.00","1"
"C138822L",85,0,"351190.00","1"
"C840567L",15,0,"110200.00","1"
"C413943L",91,0,"165300.00","1"
"C483318L",16,0,"463536.00","8"
"C487094L",5,215,"420500.00","2"
"C310022L",264,0,"180960.00","2"
"C578500L",-44,0,"226200.00","1"
"C837184L",1,0,"400200.00","1"
"C951342L",-130,0,"125280.00","3"
"C937928L",7,0,"147900.00","1"
"C299819L",19,0,"108019.20","6"
"C318744L",-27,0,"46400.00","1"
"C297208L",-126,0,"711254.00","1"
"C416727L",201,0,"40310.00","1"
"C641017L",0,0,"54404.00","1"
"C735207L",40,0,"101500.00","1"
"C479569L",13,0,"80910.00","1"
"C487528L",-4,260,"404550.00","3"
"C382697L",13,0,"725000.00","1"
"C139143L",112,0,"219762.00","1"
"C427267L",-8,0,"80620.00","1"
"C279046L",2,0,"87000.00","1"
"C683691L",-68,151,"986000.00","17"
"C387916L",9,0,"198940.00","2"
"C578872L",24,0,"84100.00","2"
"C901490L",-76,0,"217442.00","1"
"C871706L",3,0,"369750.00","1"
"C191188L",67,81,"8839142.00","3"
"C248407L",134,0,"864200.00","2"
"C745967L",29,0,"54288.00","1"
"C702867L",7,0,"400200.00","1"
"C863827L",4,0,"400200.00","1"
"C177400L",165,0,"78242.00","1"
"C715033L",176,0,"124410.00","1"
"C118559L",102,0,"146682.00","3"
"C222107L",-230,0,"89900.00","1"
"C305396L",-122,0,"115942.00","1"
"C499591L",21,0,"3763910.00","1"
"C290251L",-70,0,"330020.00","1"
"C316366L",4,0,"58000.00","2"
"C646010L",-59,0,"488360.00","1"
"C589485L",6,0,"257154.60","1"
"C171667L",1,0,"29000.00","1"
"C743645L",342,0,"43500.00","3"
"C801478L",16,0,"69600.00","1"
"C620104L",0,0,"34220.00","1"
"C690140L",1,0,"103820.00","2"
"C263041L",313,0,"841000.00","1"
"C934101L",14,0,"53360.00","1"
"C305773L",13,1,"338082.00","3"
"C581717L",20,0,"319000.00","1"
"C781213L",-137,605,"81459260.00","35"
"C557586L",105,0,"88333.42","2"
"C300966L",-1,0,"115942.00","1"
"C837608L",-2,45,"278400.00","2"
"C614407L",-55,103,"3583820.00","2"
"C914272L",0,0,"168200.00","10"
"C528921L",-4,0,"98600.00","4"
"C233836L",3,0,"42340.00","1"
"C216698L",30,0,"102138.00","1"
"C367884L",12,0,"69600.00","1"
"C863279L",-117,0,"74240.00","1"
"C644653L",-11,0,"521710.00","1"
"C750416L",-3,0,"62350.00","1"
"C314047L",10,0,"271614.00","1"
"C405515L",2,0,"69600.00","1"
"C896308L",-5,296,"92220.00","2"
"C374285L",127,0,"28710.00","1"
"C230896L",66,0,"38860.00","1"
"C646470L",21,0,"342200.00","1"
"C927720L",112,0,"2778200.00","1"
"C488123L",-133,0,"5680404.00","1"
"C892839L",154,0,"141723.00","3"
"C688797L",-126,0,"3408660.00","3"
"C704681L",-2,1,"100920.00","2"
"C144948L",13,0,"232000.00","1"
"C572270L",33,0,"26100.00","2"
"C701732L",-113,0,"159500.00","1"
"C586692L",-201,0,"371200.00","1"
"C218616L",153,39,"12286662.00","3"
"C189483L",-9,71,"428620.00","2"
"C474489L",19,0,"23200.00","1"
"C901601L",-59,0,"146740.00","2"
"C922403L",-3,0,"4176000.00","1"
"C315409L",-43,0,"49300.00","1"
"C354470L",8,0,"57710.00","1"
"C247915L",-137,0,"400200.00","1"
"C140984L",6,3,"6287200.00","2"
"C407885L",14,0,"152830.00","1"
"C473931L",-1,0,"5715900.00","9"
"C973894L",187,0,"107242.00","1"
"C864846L",392,0,"403100.00","1"
"C307257L",20,0,"86942.00","1"
"C598721L",180,47,"236292.00","2"
"C196616L",6,0,"220400.00","1"
"C174751L",-15,0,"72500.00","1"
"C624232L",-15,390,"236060.00","6"
"C456801L",11,0,"232000.00","1"
"C796422L",-2,0,"3456800.00","1"
"C630762L",5,0,"0.00","1"
"C287856L",12,0,"1154142.00","1"
"C814447L",15,0,"400200.00","1"
"C619661L",16,0,"125280.00","1"
"C860360L",82,0,"490680.00","1"
"C529016L",-9,0,"79750.00","1"
"C998685L",-198,0,"116000.00","1"
"C131997L",6,0,"400142.00","1"
"C175409L",-30,0,"109910.00","1"
"C469416L",5,79,"8926142.00","2"
"C196853L",110,0,"348000.00","8"
"C724832L",107,0,"1009200.00","1"
"C661509L",55,0,"86942.00","1"
"C386951L",15,0,"231884.00","2"
"C321799L",31,0,"57420.00","1"
"C821363L",2,0,"400200.00","1"
"C301066L",16,0,"936062.00","1"
"C418606L",118,0,"350320.00","1"
"C558438L",80,0,"2911600.00","1"
"C717559L",23,0,"823600.00","3"
"C340781L",23,0,"5585342.00","1"
"C485651L",1,0,"87000.00","2"
"C547456L",18,0,"377000.00","1"
"C940154L",265,0,"522000.00","2"
"C563349L",19,28,"359600.00","2"
"C477884L",24,220,"2111142.00","3"
"C390206L",207,182,"867680.00","7"
"C454055L",61,0,"57768.00","1"
"C645164L",73,0,"98542.00","1"
"C496529L",42,0,"3958500.00","1"
"C986391L",375,0,"89900.00","1"
"C840399L",-145,0,"488360.00","1"
"C168628L",16,0,"95700.00","1"
"C826722L",-2,0,"487200.00","2"
"C124053L",253,61,"406000.00","10"
"C509602L",-78,0,"101848.00","1"
"C457308L",74,0,"145000.00","1"
"C274718L",14,0,"27840.00","1"
"C833021L",26,0,"191400.00","1"
"C269004L",130,0,"429200.00","1"
"C147249L",215,0,"464000.00","1"
"C357709L",-12,146,"361804.00","4"
"C189009L",128,0,"1031820.00","2"
"C253783L",14,0,"189022.00","1"
"C650769L",143,0,"78242.00","1"
"C135084L",110,0,"116000.00","1"
"C490081L",15,0,"400200.00","1"
"C510095L",-6,0,"147030.00","1"
"C242838L",22,0,"287100.00","1"
"C578429L",190,0,"5142280.00","1"
"C293498L",4,0,"220400.00","1"
"C544448L",52,0,"1639718.00","1"
"C813844L",80,0,"156426.00","3"
"C886812L",462,0,"174000.00","3"
"C413190L",263,0,"38860.00","1"
"C818619L",8,0,"106720.00","4"
"C388256L",26,0,"182700.00","1"
"C599812L",-31,0,"75400.00","1"
"C791660L",17,0,"51098.00","1"
"C996536L",91,0,"63800.00","1"
"C557641L",56,0,"30044.00","1"
"C879144L",6,0,"1203500.00","10"
"C790797L",-2,0,"72442.00","1"
"C607251L",53,0,"31900.00","1"
"C447301L",-174,0,"94830.00","1"
"C739066L",350,0,"55680.00","1"
"C660512L",56,0,"139200.00","2"
"C549188L",46,159,"266510.00","11"
"C333323L",11,0,"371200.00","4"
"C773952L",69,0,"162400.00","1"
"C534453L",142,0,"66120.00","2"
"C699837L",58,125,"2370460.00","2"
"C504900L",3,0,"121800.00","1"
"C875032L",-19,0,"216340.00","1"
"C497410L",-129,0,"347710.00","1"
"C935666L",-177,0,"149060.00","2"
"C489289L",-31,0,"116000.00","1"
"C242231L",-135,340,"25709370.00","4"
"C293341L",-3,0,"57942.00","1"
"C559720L",82,0,"110200.00","1"
"C678807L",12,0,"92510.00","1"
"C499996L",7,0,"147552.00","1"
"C514596L",11,0,"60289782.00","21"
"C597836L",-162,0,"57942.00","1"
"C470268L",168,9,"121800.00","3"
"C530076L",279,0,"116000.00","1"
"C446232L",-90,0,"186122.00","1"
"C406317L",-8,0,"347536.00","8"
"C915276L",-10,236,"289942.00","2"
"C212997L",4,0,"650760.00","34"
"C337654L",-12,0,"60900.00","1"
"C942290L",-5,0,"319000.00","1"
"C924660L",-5,3,"12765974.00","2"
"C744182L",1,0,"89610.00","1"
"C932170L",-84,0,"27260.00","1"
"C240510L",-166,0,"53360.00","2"
"C143684L",-177,431,"15539650.00","14"
"C848357L",21,371,"1195322.00","6"
"C867007L",25,0,"4582000.00","1"
"C880315L",108,0,"46110.00","1"
"C664224L",-115,138,"106720.00","4"
"C153124L",-2,0,"133400.00","1"
"C805055L",343,0,"6487648.00","1"
"C787631L",13,0,"220980.00","1"
"C197331L",8,0,"400200.00","1"
"C709150L",-250,0,"199520.00","8"
"C139722L",-43,0,"290000.00","2"
"C623383L",23,190,"1487120.00","2"
"C615063L",18,0,"602910.00","1"
"C143765L",-4,0,"5596942.00","1"
"C565920L",134,192,"1035300.00","3"
"C534379L",26,0,"287100.00","50"
"C744751L",-4,0,"261000.00","1"
"C199781L",-11,4,"800400.00","2"
"C521348L",16,0,"140360.00","2"
"C636068L",-3,0,"417542.00","1"
"C681808L",6,0,"145000.00","1"
"C482397L",4,0,"98600.00","2"
"C742339L",23,0,"110200.00","1"
"C562918L",16,0,"4336080.00","1"
"C997696L",-126,0,"109910.00","1"
"C667680L",-3,0,"40310.00","1"
"C388087L",190,0,"95120.00","1"
"C421614L",311,204,"130389.80","4"
"C611418L",-40,0,"231942.00","1"
"C366574L",3,0,"266800.00","1"
"C207995L",-27,0,"81200.00","1"
"C515694L",-2,0,"69600.00","1"
"C176792L",135,0,"17400.00","1"
"C359997L",269,0,"101500.00","1"
"C908348L",7,0,"75342.00","1"
"C410720L",-133,0,"127542.00","1"
"C427092L",32,0,"131950.00","1"
"C148479L",-10,0,"37700.00","1"
"C411610L",-3,1,"266800.00","2"
"C893893L",10,0,"86942.00","1"
"C851730L",-162,0,"98542.00","1"
"C420956L",40,0,"312446.00","1"
"C521935L",89,0,"1102000.00","1"
"C545190L",-8,129,"3965170.00","15"
"C432478L",303,0,"53360.00","1"
"C411467L",129,0,"40600.00","1"
"C761708L",12,0,"14500.00","1"
"C486123L",52,0,"57884.00","2"
"C260117L",130,0,"139142.00","1"
"C550021L",2,0,"7540.00","1"
"C126124L",55,0,"79750.00","1"
"C590925L",6,0,"40310.00","1"
"C114871L",1,0,"172840.00","1"
"C604713L",9,0,"55680.00","2"
"C336752L",5,84,"124410.00","15"
"C640667L",14,0,"80040.00","3"
"C290414L",124,0,"2018400.00","2"
"C117787L",25,0,"70470.00","3"
"C551297L",7,0,"20010.00","1"
"C450606L",-6,177,"290000.00","2"
"C172503L",236,0,"1894686.00","1"
"C215028L",10,0,"156542.00","1"
"C912653L",-199,258,"342200.00","2"
"C359192L",5,0,"197200.00","1"
"C853582L",-6,0,"313200.00","1"
"C555980L",265,0,"50460.00","3"
"C774835L",253,0,"619440.00","2"
"C387425L",18,0,"11542.00","1"
"C457592L",3,0,"103820.00","1"
"C235968L",27,0,"102080.00","2"
"C492817L",77,0,"37120.00","1"
"C551986L",22,0,"72500.00","1"
"C876106L",0,0,"190820.00","7"
"C923683L",157,0,"80040.00","2"
"C840180L",-14,0,"131080.00","1"
"C139201L",-72,0,"208800.00","1"
"C352946L",-1,0,"127600.00","4"
"C463842L",27,0,"49880.00","1"
"C282625L",11,0,"198360.00","1"
"C286374L",-83,0,"400200.00","1"
"C683002L",-5,96,"290000.00","2"
"C505840L",10,24,"187050.00","25"
"C597660L",247,0,"44660.00","2"
"C513353L",151,0,"39440.00","1"
"C212757L",30,48,"91961.90","2"
"C671834L",227,0,"104400.00","5"
"C684090L",7,0,"145000.00","1"
"C354444L",-50,53,"788568.00","4"
"C842885L",-149,0,"1026600.00","3"
"C538863L",146,0,"690200.00","2"
"C358631L",-13,0,"46342.00","1"
"C370936L",23,0,"72500.00","1"
"C544288L",303,0,"1160000.00","1"
"C330342L",2,0,"80040.00","3"
"C404036L",6,148,"364646.00","2"
"C544122L",-66,0,"2096410.00","1"
"C714340L",171,0,"247138.00","1"
"C559026L",3,0,"87000.00","2"
"C613160L",41,0,"551000.00","2"
"C518173L",-305,0,"138620.00","1"
"C190534L",4,0,"46342.00","1"
"C966663L",221,0,"156600.00","1"
"C136210L",123,283,"587134.00","7"
"C175618L",-150,0,"342200.00","1"
"C197222L",6,0,"3596000.00","1"
"C304951L",362,0,"1885000.00","1"
"C370534L",-9,1,"867100.00","2"
"C411331L",-129,0,"231942.00","1"
"C303867L",24,0,"23200.00","1"
"C129011L",19,0,"109910.00","1"
"C635102L",-286,31,"15311304.00","12"
"C910116L",5,0,"108750.00","3"
"C555478L",19,0,"319000.00","1"
"C962578L",13,32,"417600.00","2"
"C914542L",13,0,"76850.00","1"
"C712032L",5,216,"809332.00","4"
"C127144L",110,0,"524900.00","1"
"C900628L",57,0,"5596942.00","1"
"C991995L",18,1,"800400.00","2"
"C773779L",-206,217,"12217120.00","10"
"C645817L",24,0,"31900.00","1"
"C327217L",199,0,"43500.00","1"
"C648114L",-119,0,"33350.00","1"
"C150235L",3,0,"58000.00","1"
"C975587L",139,0,"725000.00","2"
"C886734L",9,0,"7540.00","2"
"C336822L",-208,0,"260710.00","1"
"C160222L",90,0,"34800.00","1"
"C461689L",16,0,"150800.00","1"
"C247716L",19,0,"31900.00","1"
"C715327L",-51,0,"451588.00","1"
"C324155L",48,0,"68208.00","14"
"C219848L",112,68,"89610.00","2"
"C128520L",11,0,"1885000.00","1"
"C738488L",80,0,"85840.00","2"
"C961131L",-107,0,"278400.00","1"
"C763228L",14,0,"0.00","3"
"C778147L",6,0,"127542.00","1"
"C577018L",11,0,"400200.00","1"
"C765319L",0,0,"15370.00","1"
"C780754L",-109,0,"98542.00","1"
"C949498L",-246,0,"127600.00","1"
"C757057L",-12,0,"40020.00","1"
"C887943L",1,0,"400200.00","1"
"C361180L",-28,0,"81200.00","1"
"C577894L",-6,0,"400200.00","1"
"C249483L",6,0,"5367900.00","2"
"C232406L",-201,397,"3800450.00","3"
"C234415L",128,0,"4945254.00","1"
"C928680L",-29,0,"40600.00","1"
"C168098L",4,0,"104400.00","1"
"C817108L",-241,0,"271614.00","1"
"C902445L",7,0,"4958942.00","1"
"C113448L",-6,0,"151380.00","3"
"C878612L",77,0,"313200.00","2"
"C415068L",90,0,"49300.00","1"
"C536776L",12,0,"140882.00","1"
"C941719L",71,0,"20242.00","1"
"C257934L",-211,61,"267090.00","2"
"C439980L",97,0,"0.00","3"
"C283300L",-4,0,"326250.00","1"
"C481253L",-167,530,"9032572.00","165"
"C752501L",0,0,"69600.00","1"
"C366090L",-8,0,"400200.00","1"
"C267039L",5,0,"88160.00","4"
"C381836L",3,0,"69368.00","4"
"C898232L",14,0,"86942.00","1"
"C413128L",-7,0,"329498.00","1"
"C557314L",9,0,"191110.00","1"
"C823189L",1,443,"941282.00","7"
"C281787L",20,0,"202942.00","1"
"C534503L",2,0,"253982.00","1"
"C469380L",3,0,"243600.00","1"
"C925922L",-8,373,"184440.00","2"
"C846375L",2,33,"220342.00","5"
"C602747L",148,0,"81780.00","3"
"C540855L",15,0,"77256.00","1"
"C680487L",0,0,"522000.00","1"
"C508926L",149,0,"52142.00","1"
"C642945L",2,0,"98542.00","1"
"C727310L",-4,0,"400200.00","1"
"C656885L",169,0,"579942.00","1"
"C354134L",18,0,"5495442.00","2"
"C112901L",13,0,"57942.00","1"
"C191168L",101,0,"121800.00","3"
"C607344L",-94,244,"824238.00","2"
"C560369L",-10,0,"5539000.00","1"
"C536383L",60,0,"147900.00","1"
"C891022L",92,0,"2455720.00","1"
"C554530L",-55,0,"107300.00","1"
"C312529L",149,83,"116000.00","2"
"C272030L",-45,0,"50576.00","2"
"C545094L",76,0,"78300.00","1"
"C643275L",138,0,"160080.00","1"
"C241930L",22,0,"104110.00","1"
"C374625L",11,0,"104168.00","1"
"C353221L",73,0,"127600.00","1"
"C378684L",-176,474,"105051804.00","28"
"C520362L",373,0,"57942.00","1"
"C280331L",11,0,"123250.00","1"
"C927784L",-45,0,"4336080.00","1"
"C740131L",-11,0,"66120.00","2"
"C799968L",12,0,"95700.00","1"
"C824913L",2,119,"192734.00","2"
"C693637L",123,0,"284200.00","1"
"C612260L",126,0,"2609362.00","1"
"C245955L",198,0,"154860.00","1"
"C712752L",-8,5,"479718.00","4"
"C137924L",9,0,"379900.00","1"
"C157296L",3,0,"3440850.00","1"
"C120606L",-25,0,"23142.00","1"
"C268664L",93,0,"58000.00","1"
"C355357L",12,0,"638.00","1"
"C943918L",2,0,"173942.00","1"
"C796146L",9,304,"80040.00","4"
"C968962L",8,0,"69600.00","3"
"C594573L",230,0,"81200.00","1"
"C678154L",42,0,"69020.00","2"
"C278206L",5,0,"57710.00","1"
"C499796L",23,0,"319000.00","1"
"C888995L",203,0,"2401200.00","1"
"C637883L",51,0,"248820.00","1"
"C263949L",-2,0,"113100.00","1"
"C518128L",19,0,"377000.00","1"
"C256446L",181,0,"2059000.00","1"
"C483534L",36,0,"5707142.00","1"
"C317326L",64,0,"2710050.00","1"
"C850251L",14,0,"400200.00","1"
"C165068L",-243,0,"34800.00","2"
"C927076L",107,314,"279444.00","9"
"C134281L",-87,0,"147552.00","1"
"C536378L",101,0,"464000.00","1"
"C832673L",-39,0,"565500.00","2"
"C181565L",28,0,"69600.00","1"
"C666340L",-46,0,"90480.00","1"
"C700241L",215,0,"1973160.00","1"
"C211164L",14,0,"3728530.00","1"
"C950477L",-165,0,"3171440.00","1"
"C883450L",44,0,"20242.00","1"
"C220767L",164,0,"75342.00","1"
"C404142L",-149,0,"223300.00","1"
"C485919L",5,15,"185600.00","2"
"C451973L",-15,0,"6435042.00","3"
"C609754L",137,0,"1021902.00","1"
"C434159L",227,0,"86942.00","1"
"C225630L",-2,0,"66120.00","2"
"C391009L",-3,0,"92800.00","1"
"C836966L",11,0,"5707142.00","1"
"C264023L",2,0,"728480.00","1"
"C587654L",0,0,"690200.00","1"
"C990203L",-6,0,"34800.00","1"
"C423334L",146,0,"46400.00","1"
"C595892L",411,0,"156020.00","2"
"C455118L",-11,0,"400200.00","1"
"C751329L",12,48,"489926.00","10"
"C269025L",-15,0,"78242.00","1"
"C401539L",229,0,"759800.00","2"
"C944883L",-144,0,"98542.00","1"
"C714247L",-235,0,"115420.00","1"
"C115461L",10,0,"205900.00","1"
"C949083L",169,0,"110142.00","1"
"C657141L",0,0,"145000.00","1"
"C342440L",30,0,"115942.00","1"
"C592423L",-2,0,"81200.00","2"
"C864902L",13,0,"57420.00","3"
"C190131L",46,0,"377000.00","1"
"C111808L",-10,0,"229100.00","1"
"C170689L",-2,0,"4215440.00","1"
"C927548L",0,0,"0.00","3"
"C989089L",30,21,"582320.00","2"
"C598984L",2,0,"2101630.00","1"
"C796103L",203,0,"145000.00","1"
"C376735L",-10,0,"51562.00","1"
"C143115L",136,0,"28710.00","1"
"C266569L",5,0,"205900.00","1"
"C762859L",27,0,"217500.00","1"
"C732178L",9,0,"400200.00","1"
"C809544L",-108,0,"60320.00","1"
"C667729L",132,0,"116000.00","5"
"C345763L",-8,96,"11193884.00","2"
"C594441L",-6,0,"34510.00","1"
"C218108L",-150,0,"98600.00","1"
"C546754L",257,0,"1190.16","1"
"C611777L",159,0,"34220.00","1"
"C659113L",11,0,"226200.00","2"
"C216846L",20,0,"271614.00","1"
"C622053L",10,0,"5596942.00","1"
"C742109L",-1,0,"243542.00","1"
"C547681L",52,0,"800110.00","1"
"C913321L",12,0,"2003900.00","1"
"C304965L",381,0,"1552370.00","1"
"C192570L",117,0,"142100.00","1"
"C607286L",-135,0,"110200.00","1"
"C618250L",40,0,"174000.00","2"
"C856647L",23,0,"562600.00","1"
"C256400L",22,0,"2099542.00","1"
"C802941L",46,0,"400200.00","1"
"C922594L",19,313,"333210.00","6"
"C304970L",30,0,"9280.00","1"
"C307127L",20,0,"46400.00","1"
"C263063L",195,0,"72500.00","1"
"C691329L",-28,0,"365400.00","1"
"C844341L",15,0,"480530.00","1"
"C727494L",5,0,"75342.00","1"
"C654478L",97,0,"11600.00","1"
"C738903L",128,0,"115942.00","1"
"C392983L",15,0,"150800.00","1"
"C919468L",0,0,"464000.00","1"
"C180415L",-192,0,"64380.00","2"
"C835942L",-40,0,"2320000.00","8"
"C882803L",26,0,"52084.00","2"
"C761017L",172,0,"9454.00","1"
"C412333L",-162,0,"27260.00","1"
"C140324L",-4,0,"185600.00","2"
"C208006L",-7,0,"86942.00","1"
"C245316L",-40,51,"439350.00","3"
"C468561L",86,0,"87000.00","1"
"C504943L",-52,83,"145870.00","8"
"C175796L",51,0,"139200.00","1"
"C725184L",-3,0,"70075.60","1"
"C269965L",-179,117,"382800.00","2"
"C363738L",16,0,"17400000.00","2"
"C831192L",10,0,"261000.00","1"
"C244786L",65,0,"5142280.00","1"
"C274456L",258,0,"5698500.00","3"
"C617345L",26,22,"696000.00","5"
"C576032L",86,0,"14442.00","1"
"C556363L",158,0,"232000.00","1"
"C305030L",161,0,"75400.00","1"
"C821190L",24,0,"54810.00","1"
"C220405L",87,0,"138910.00","1"
"C685632L",-165,0,"1960284.00","2"
"C556889L",112,0,"336472.50","1"
"C563598L",2,0,"2496900.00","1"
"C132322L",17,0,"198882.00","1"
"C593821L",166,0,"345100.00","1"
"C390416L",21,0,"1282919.40","1"
"C620483L",6,0,"0.00","2"
"C361840L",26,0,"22910.00","1"
"C417708L",1,7,"649194.00","3"
"C149325L",81,0,"718620.00","1"
"C405083L",3,0,"33640.00","2"
"C830599L",-279,0,"26100.00","1"
"C711121L",0,0,"345100.00","1"
"C930724L",211,0,"116000.00","1"
"C439929L",120,120,"185310.00","5"
"C756816L",-338,0,"60900.00","1"
"C325107L",15,0,"73732.50","1"
"C289850L",12,0,"162400.00","1"
"C896131L",-61,0,"185542.00","1"
"C282791L",-37,0,"31900.00","3"
"C939912L",-129,0,"185600.00","1"
"C790783L",245,0,"407160.00","1"
"C536359L",-18,0,"22910.00","1"
"C813614L",-188,188,"6628240.00","4"
"C220911L",0,128,"20357942.00","4"
"C444189L",22,0,"68150.00","1"
"C550636L",24,0,"174000.00","1"
"C652734L",20,0,"488650.00","1"
"C281813L",8,0,"19662.00","1"
"C375534L",25,0,"272600.00","1"
"C168876L",0,0,"2754710.00","5"
"C725097L",-38,0,"101848.00","1"
"C514643L",-140,0,"459940.00","1"
"C983543L",18,0,"95059.68","1"
"C501413L",-5,0,"271614.00","1"
"C900381L",-280,602,"210250.00","2"
"C853853L",131,0,"243252.00","6"
"C281598L",121,0,"446600.00","1"
"C206666L",0,0,"271614.00","1"
"C139822L",-60,0,"2793570.00","1"
"C332046L",11,0,"347942.00","1"
"C448063L",67,0,"87000.00","1"
"C313446L",53,0,"121626.00","3"
"C463487L",-76,72,"13745826.00","3"
"C840288L",0,0,"74240.00","1"
"C370595L",-12,0,"107880.00","1"
"C478438L",0,0,"89842.00","1"
"C201035L",2,0,"185020.00","1"
"C140150L",69,0,"220400.00","1"
"C863086L",15,0,"131950.00","1"
"C722375L",386,0,"77720.00","1"
"C211907L",79,0,"78822.00","1"
"C873763L",20,0,"104168.00","1"
"C588962L",-56,0,"115942.00","1"
"C119251L",24,0,"74530.00","1"
"C826629L",-262,0,"43500.00","1"
"C137539L",393,0,"115942.00","1"
"C187290L",296,0,"58000.00","1"
"C711255L",19,0,"52142.00","1"
"C975828L",1,0,"94250.00","1"
"C185779L",15,0,"4436942.00","1"
"C574921L",-167,380,"432216.00","7"
"C932834L",19,0,"51910.00","1"
"C954880L",-4,0,"10382.00","1"
"C347055L",6,0,"5794200.00","100"
"C606338L",30,0,"6670000.00","1"
"C360295L",4,0,"955840.00","1"
"C912380L",3,0,"208800.00","1"
"C924102L",-14,0,"795760.00","1"
"C424077L",4,0,"44950.00","1"
"C958375L",285,0,"116000.00","1"
"C765760L",2,0,"261000.00","1"
"C605459L",85,0,"2094438.00","1"
"C931803L",18,0,"159500.00","1"
"C381049L",13,0,"741124.00","1"
"C360986L",21,0,"74240.00","1"
"C535620L",86,0,"382742.00","1"
"C329053L",64,0,"3130550.00","1"
"C242356L",17,0,"304500.00","1"
"C668230L",13,0,"118030.00","1"
"C243874L",-9,0,"231942.00","1"
"C400107L",6,0,"261000.00","1"
"C801359L",126,0,"69542.00","1"
"C846643L",-66,0,"277240.00","4"
"C975259L",-3,181,"1764302.00","4"
"C123091L",-3,0,"232406.00","1"
"C658999L",45,0,"197780.00","1"
"C158367L",0,241,"11164942.00","5"
"C867930L",3,0,"77720.00","1"
"C455163L",-7,0,"25868.00","1"
"C403740L",84,0,"96048.00","1"
"C865004L",13,0,"154280.00","1"
"C985549L",14,0,"110200.00","1"
"C506825L",512,0,"400200.00","1"
"C327193L",13,0,"261000.00","1"
"C724582L",12,0,"57942.00","1"
"C252035L",146,0,"800400.00","2"
"C261243L",12,0,"1450000.00","1"
"C684985L",-179,0,"376188.00","1"
"C273843L",-47,0,"159500.00","1"
"C622883L",315,0,"2978300.00","13"
"C296643L",89,0,"986000.00","1"
"C816599L",-5,0,"2539820.00","1"
"C170618L",16,0,"44660.00","1"
"C750160L",-9,0,"50252128.00","16"
"C131864L",-160,0,"145000.00","1"
"C186576L",1,0,"4060000.00","1"
"C317777L",-328,0,"490680.00","1"
"C614463L",-2,0,"203000.00","1"
"C757933L",-10,0,"1152460.00","2"
"C165124L",218,0,"145000.00","1"
"C649500L",57,0,"226200.00","1"
"C435250L",-112,0,"95700.00","10"
"C112612L",6,0,"278400.00","1"
"C511866L",6,0,"312446.00","1"
"C263779L",-132,245,"1258484.00","4"
"C839755L",136,0,"463942.00","1"
"C268424L",21,0,"360180.00","1"
"C281010L",11,0,"261000.00","1"
"C675024L",-15,357,"6633402.00","10"
"C552927L",-7,0,"75342.00","1"
"C738928L",-148,0,"115710.00","1"
"C330986L",3,0,"191110.00","1"
"C205341L",11,0,"5228874.00","1"
"C247324L",-11,0,"20880.00","1"
"C171592L",80,153,"379900.00","9"
"C262851L",0,0,"0.00","1"
"C349727L",271,0,"32712.00","1"
"C511061L",33,0,"348000.00","1"
"C720119L",-268,0,"31900.00","1"
"C283375L",497,0,"78300.00","3"
"C891008L",10,0,"725000.00","1"
"C613677L",-187,0,"536500.00","1"
"C900615L",2,0,"0.00","1"
"C822501L",32,0,"986000.00","1"
"C127207L",2,0,"86942.00","1"
"C898759L",172,0,"116000.00","2"
"C516599L",29,0,"232000.00","1"
"C245825L",81,20,"218080.00","21"
"C913774L",18,0,"48720.00","1"
"C988804L",-244,0,"417600.00","1"
"C292185L",-221,0,"35960.00","1"
"C149914L",18,0,"400200.00","1"
"C556985L",-82,0,"232000.00","1"
"C521347L",20,0,"80620.00","2"
"C383377L",0,0,"196620.00","1"
"C672573L",248,0,"57942.00","1"
"C192846L",-61,0,"1276000.00","1"
"C596805L",-188,0,"145000.00","1"
"C815290L",309,0,"17110.00","1"
"C639248L",206,0,"55042.00","1"
"C843559L",211,0,"161182.00","1"
"C597760L",1,0,"69600.00","2"
"C952783L",7,0,"52200.00","3"
"C267349L",-10,0,"29000.00","1"
"C887845L",193,14,"528264.00","4"
"C788957L",-13,0,"349290.50","1"
"C409050L",16,0,"400200.00","1"
"C368617L",143,0,"115942.00","1"
"C200501L",-98,0,"400200.00","1"
"C303166L",8,0,"463710.00","1"
"C838592L",15,0,"522000.00","2"
"C332643L",2,0,"239540.00","1"
"C616920L",15,0,"115710.00","1"
"C983849L",300,0,"217500.00","6"
"C218770L",19,0,"632142.00","1"
"C527307L",11,271,"7877386.00","3"
"C451013L",47,0,"60900.00","2"
"C519036L",18,0,"40600.00","1"
"C926725L",-134,0,"133864.00","4"
"C936078L",243,0,"347884.00","2"
"C996869L",234,0,"52780.00","1"
"C988568L",117,0,"69600.00","4"
"C484957L",16,0,"150800.00","1"
"C784668L",119,0,"652500.00","15"
"C299981L",25,0,"149292.00","1"
"C634136L",-3,0,"57942.00","1"
"C189692L",36,0,"419050.00","1"
"C206078L",10,0,"57631.70","1"
"C955247L",256,0,"57942.00","1"
"C477798L",27,0,"80620.00","1"
"C171718L",-2,0,"597400.00","1"
"C966491L",157,0,"115942.00","1"
"C653184L",249,0,"400200.00","1"
"C652399L",25,0,"1872820.00","1"
"C287024L",43,0,"58000.00","1"
"C944941L",450,0,"347942.00","1"
"C215643L",159,0,"4410320.00","1"
"C536377L",8,0,"34510.00","1"
"C353507L",-48,0,"7366.00","1"
"C547048L",42,140,"850280.00","3"
"C350808L",232,0,"59160.00","3"
"C978790L",-16,0,"75110.00","1"
"C491259L",12,0,"46980.00","1"
"C795284L",20,126,"574200.00","11"
"C455011L",1,0,"17110.00","1"
"C145094L",35,0,"174000.00","3"
"C339508L",111,0,"69542.00","1"
"C586717L",8,146,"15659942.00","6"
"C631413L",83,0,"7830.00","1"
"C685248L",4,0,"104168.00","1"
"C787096L",-6,0,"201550.00","5"
"C485693L",7,263,"7863715.40","19"
"C341700L",-4,0,"58000.00","1"
"C864099L",0,0,"2076342.00","1"
"C498440L",92,0,"121365.00","3"
"C874438L",201,0,"69368.00","4"
"C254812L",106,0,"34800.00","2"
"C679812L",1,0,"202942.00","1"
"C177865L",4,0,"63220.00","1"
"C437385L",280,0,"92800.00","1"
"C831560L",350,0,"150800.00","1"
"C452735L",52,21,"226142.00","2"
"C743457L",78,0,"8700.00","1"
"C175290L",14,0,"31900.00","1"
"C399241L",352,0,"112810.00","1"
"C630314L",-144,0,"191110.00","1"
"C595846L",13,0,"246500.00","10"
"C624290L",-2,0,"3550470.00","1"
"C894919L",-10,0,"45820.00","1"
"C230351L",-262,31,"365400.00","21"
"C898194L",-7,0,"40600.00","1"
"C693323L",31,0,"153816.00","2"
"C689256L",18,0,"66700.00","1"
"C510277L",418,0,"290000.00","1"
"C972704L",51,61,"1473200.00","2"
"C403379L",71,0,"329556.00","1"
"C508430L",162,0,"58000.00","1"
"C378624L",40,0,"142100.00","7"
"C770029L",-187,474,"16928054.00","11"
"C565819L",24,0,"59450.00","1"
"C992247L",1,0,"612248.00","1"
"C979209L",241,0,"49300.00","2"
"C256469L",205,0,"93496.00","2"
"C955805L",-6,0,"0.00","1"
"C252303L",-252,0,"231942.00","1"
"C197356L",-269,0,"318942.00","1"
"C848074L",-147,0,"435000.00","1"
"C990984L",-110,0,"111360.00","1"
"C424876L",135,0,"11020.00","1"
"C877022L",120,0,"400200.00","1"
"C605426L",16,0,"432854.00","1"
"C894573L",22,0,"1387940.00","1"
"C969588L",-90,0,"197142.00","1"
"C157676L",-7,0,"60610.00","1"
"C945606L",14,0,"405130.00","1"
"C979577L",11,0,"400200.00","1"
"C613601L",-85,391,"233624.00","3"
"C861468L",139,142,"962684.00","3"
"C143717L",28,0,"138620.00","1"
"C654626L",15,0,"207582.00","1"
"C954501L",31,0,"28710.00","1"
"C572081L",290,0,"99702.00","2"
"C142320L",-4,0,"1154200.00","1"
"C919265L",-83,0,"400200.00","1"
"C831157L",-187,0,"261000.00","1"
"C733350L",129,0,"51620.00","2"
"C691738L",26,0,"186122.00","1"
"C860359L",212,0,"115942.00","1"
"C932944L",1,0,"4349942.00","1"
"C410639L",1,0,"79170.00","3"
"C969119L",118,38,"4666100.00","4"
"C310610L",86,0,"348000.00","2"
"C993393L",-3,135,"1718192.00","2"
"C756072L",2,0,"43500.00","1"
"C421043L",26,0,"95468.00","2"
"C243493L",11,0,"104168.00","1"
"C670306L",-63,0,"61480.00","1"
"C452564L",1,0,"206190.00","1"
"C353600L",156,131,"1038780.00","18"
"C745016L",107,18,"2096642.00","2"
"C924458L",271,0,"133980.00","2"
"C790491L",33,0,"40020.00","1"
"C643906L",-73,0,"52200.00","3"
"C333086L",0,0,"400200.00","1"
"C512231L",-107,0,"79750.00","1"
"C427154L",181,0,"81200.00","2"
"C178509L",24,0,"5636440.00","1"
"C667472L",-8,0,"290000.00","1"
"C214179L",23,0,"2837360.00","1"
"C491662L",408,0,"64960.00","7"
"C585651L",198,0,"493000.00","1"
"C206269L",32,0,"52490.00","1"
"C449403L",113,0,"5707142.00","1"
"C295721L",-277,0,"43500.00","1"
"C270876L",-44,0,"55100.00","1"
"C826816L",9,0,"87000.00","1"
"C807265L",2,0,"312446.00","1"
"C122065L",398,0,"1421000.00","1"
"C934566L",238,0,"162226.00","3"
"C398810L",3,0,"50170.00","1"
"C748073L",15,0,"86710.00","1"
"C673426L",107,0,"1682000.00","1"
"C780258L",-216,0,"3561200.00","1"
"C118321L",28,0,"231710.00","1"
"C410896L",14,0,"26100.00","1"
"C219918L",-220,0,"185600.00","1"
"C969315L",49,158,"2377710.00","4"
"C681607L",10,0,"252300.00","6"
"C872421L",52,294,"3305710.00","166"
"C730690L",5,0,"177364.00","1"
"C494873L",1,0,"126614.00","1"
"C430739L",15,0,"400200.00","1"
"C500766L",185,165,"1001776.00","5"
"C247409L",8,0,"359020.00","1"
"C133315L",4,0,"174000.00","3"
"C185112L",248,0,"309720.00","1"
"C159964L",-8,0,"174000.00","1"
"C389258L",-151,0,"22910.00","1"
"C263640L",235,0,"145000.00","1"
"C476999L",205,0,"167620.00","1"
"C185164L",-7,0,"1218000.00","1"
"C427029L",19,0,"40600.00","1"
"C552458L",146,0,"224170.00","1"
"C864410L",254,0,"417020.00","1"
"C208795L",-185,0,"182856.60","1"
"C356966L",74,0,"1044000.00","3"
"C603530L",-111,602,"9717958.00","15"
"C803189L",21,0,"17400.00","1"
"C362236L",184,0,"34510.00","1"
"C328919L",4,0,"74240.00","2"
"C892040L",-204,0,"271614.00","1"
"C374672L",-156,631,"100249056.00","67"
"C213870L",-214,0,"115942.00","1"
"C576787L",169,0,"99644.00","1"
"C558872L",-155,0,"39150.00","1"
"C391465L",-41,0,"144710.00","1"
"C993688L",232,0,"146740.00","2"
"C383917L",-13,0,"57942.00","1"
"C875920L",135,0,"29000.00","1"
"C275711L",85,0,"43500.00","1"
"C817349L",101,162,"39788.00","4"
"C461801L",78,0,"661606.00","2"
"C357056L",3,0,"0.00","3"
"C932357L",14,0,"5707142.00","1"
"C139855L",-179,628,"3699936.00","28"
"C544070L",8,0,"27260.00","1"
"C283648L",3,150,"684632.00","6"
"C264821L",-4,0,"25868.00","1"
"C682102L",-4,0,"44080.00","1"
"C359839L",122,124,"110200.00","3"
"C736562L",193,0,"46400.00","2"
"C170700L",141,0,"174000.00","1"
"C675381L",-115,0,"63800.00","2"
"C760531L",107,0,"174000.00","1"
"C302826L",-104,0,"55216.00","1"
"C457804L",10,0,"150800.00","1"
"C276338L",98,34,"37700.00","2"
"C416382L",-9,0,"69600.00","1"
"C433743L",48,0,"121742.00","1"
"C847221L",15,0,"438770.00","1"
"C699058L",79,0,"31900.00","1"
"C489513L",12,0,"1187550.00","1"
"C760428L",12,0,"12470.00","1"
"C396025L",-29,0,"44950.00","1"
"C417156L",31,0,"44080.00","1"
"C904287L",310,0,"39904.00","1"
"C692439L",10,0,"43500.00","1"
"C698317L",212,20,"267670.00","5"
"C806822L",382,0,"60900.00","2"
"C856079L",-1,0,"155440.00","1"
"C389017L",3,298,"126440.00","2"
"C450367L",-40,0,"46400.00","1"
"C734785L",72,0,"2899884.00","2"
"C901892L",-110,0,"81200.00","2"
"C539859L",47,0,"72500.00","1"
"C847031L",13,0,"116000.00","1"
"C395036L",26,0,"312504.00","12"
"C465936L",23,0,"56840.00","1"
"C852869L",4,0,"4196300.00","1"
"C117017L",288,0,"539980.00","1"
"C221844L",119,0,"40600.00","1"
"C265629L",-132,0,"2869840.00","1"
"C331075L",145,0,"60842.00","1"
"C385143L",83,0,"101848.00","1"
"C170839L",10,0,"278400.00","30"
"C723100L",22,0,"374100.00","1"
"C174328L",23,0,"81490.00","1"
"C749653L",164,0,"144942.00","1"
"C214771L",386,0,"88450.00","1"
"C961302L",382,0,"106720.00","5"
"C191359L",13,0,"116000.00","2"
"C510709L",6,0,"40600.00","1"
"C441893L",356,0,"128760.00","2"
"C296839L",-6,0,"104168.00","1"
"C875125L",13,0,"243600.00","1"
"C905217L",9,0,"132240.00","2"
"C516220L",13,0,"4378942.00","1"
"C869011L",-84,0,"318942.00","1"
"C216417L",18,0,"3559344.00","1"
"C969725L",120,0,"37120.00","1"
"C430862L",-9,0,"40600.00","1"
"C941200L",8,0,"609000.00","1"
"C649461L",-194,204,"411742.00","3"
"C612558L",-101,454,"229970.00","3"
"C673068L",-85,349,"245920.00","2"
"C690627L",-69,0,"87000.00","2"
"C888223L",10,0,"147030.00","1"
"C186133L",-4,0,"0.00","1"
"C737801L",225,0,"191637.80","1"
"C812323L",195,0,"78242.00","1"
"C707264L",260,0,"45066.00","1"
"C913601L",2,0,"57710.00","1"
"C871045L",86,0,"29000.00","1"
"C842170L",3,0,"3663280.00","1"
"C346553L",-185,59,"322016.00","2"
"C896860L",45,0,"46400.00","1"
"C809308L",12,0,"28420.00","1"
"C880722L",331,0,"522000.00","1"
"C521190L",-56,0,"8700.00","1"
"C956989L",-190,0,"17400.00","1"
"C358518L",50,0,"46400.00","1"
"C534934L",-158,0,"197780.00","5"
"C607972L",5,0,"464000.00","1"
"C504588L",319,0,"63800.00","2"
"C253008L",22,0,"5742.00","1"
"C373284L",-159,0,"2181380.00","1"
"C352171L",1,0,"2086840.00","1"
"C229578L",6,0,"103298.00","1"
"C448320L",95,0,"93745.40","1"
"C629570L",173,0,"203000.00","1"
"C994857L",223,0,"81200.00","1"
"C555148L",7,0,"145000.00","1"
"C269536L",-90,0,"46110.00","1"
"C351295L",21,0,"400200.00","1"
"C374186L",25,0,"202942.00","1"
"C247380L",-27,0,"1421000.00","1"
"C559905L",-3,0,"23200.00","1"
"C876359L",-10,0,"336400.00","1"
"C809770L",5,0,"14442.00","1"
"C200120L",147,0,"137460.00","2"
"C475094L",-224,0,"33466.00","1"
"C934459L",1,0,"46110.00","1"
"C717907L",24,1,"284200.00","3"
"C851854L",100,142,"363080.00","8"
"C756271L",-116,89,"255200.00","2"
"C221318L",309,16,"116000.00","11"
"C230372L",19,0,"125280.00","1"
"C217289L",39,0,"185600.00","2"
"C615304L",264,0,"43500.00","2"
"C887442L",204,0,"58000.00","1"
"C244068L",40,0,"108750.00","1"
"C327703L",-126,0,"192850.00","1"
"C849387L",-63,107,"2644800.00","2"
"C826850L",20,0,"2411640.00","22"
"C626607L",-3,0,"57710.00","1"
"C684857L",-144,0,"69600.00","3"
"C431390L",92,92,"559120.00","2"
"C537394L",96,0,"26100.00","1"
"C509772L",-22,0,"244296.00","1"
"C795052L",172,0,"744952.00","1"
"C566454L",270,0,"7250.00","1"
"C173604L",102,0,"60320.00","1"
"C263996L",2,0,"261290.00","2"
"C365124L",187,0,"68150.00","1"
"C855073L",131,0,"318942.00","1"
"C529046L",90,80,"1052468.00","2"
"C976890L",374,130,"119306.00","2"
"C572388L",164,0,"60320.00","1"
"C948148L",-11,0,"173942.00","1"
"C497556L",-4,0,"5150922.00","1"
"C449730L",-81,0,"116000.00","1"
"C696271L",16,0,"86710.00","1"
"C782053L",-6,2,"371200.00","2"
"C869608L",103,0,"17400.00","1"
"C241633L",8,0,"250270.00","1"
"C569932L",3,0,"348000.00","1"
"C994467L",13,190,"11118484.00","3"
"C274315L",-187,153,"308502.00","2"
"C975919L",-3,0,"87000.00","1"
"C292711L",11,0,"104168.00","4"
"C606418L",73,0,"80910.00","1"
"C539377L",14,0,"342200.00","1"
"C331662L",13,0,"57942.00","1"
"C164245L",26,0,"57420.00","1"
"C400722L",183,0,"1613850.00","1"
"C640730L",5,0,"22910.00","1"
"C551481L",56,0,"3339002.00","2"
"C402221L",-84,0,"58000.00","1"
"C441237L",80,0,"284200.00","1"
"C146204L",244,0,"147900.00","3"
"C697369L",1,0,"3949800.00","1"
"C568231L",168,0,"60900.00","1"
"C143396L",-31,0,"0.00","1"
"C724390L",2,0,"8700.00","1"
"C693429L",-9,0,"111940.00","1"
"C508405L",2,0,"2059000.00","1"
"C653582L",24,0,"53940.00","2"
"C192819L",18,0,"522000.00","1"
"C445624L",96,0,"58000.00","1"
"C241017L",132,0,"101442.00","1"
"C561668L",21,0,"534528.00","2"
"C234957L",11,0,"120930.00","3"
"C238436L",-5,0,"102138.00","1"
"C625105L",-1,0,"118900.00","1"
"C550642L",10,0,"67280.00","2"
"C795919L",14,0,"17400.00","1"
"C262890L",-180,0,"58000.00","2"
"C895872L",-11,0,"1154200.00","1"
"C746446L",-89,0,"400200.00","1"
"C880793L",-78,0,"201550.00","1"
"C218465L",59,0,"86884.00","2"
"C454136L",51,0,"173710.00","1"
"C763658L",-1,0,"58000.00","1"
"C420781L",-3,0,"249400.00","1"
"C339400L",-4,0,"3026150.00","1"
"C840840L",252,0,"49880.00","2"
"C375629L",-61,0,"75400.00","1"
"C415843L",6,0,"66410.00","1"
"C776904L",3,0,"200100.00","1"
"C665170L",-20,0,"4738600.00","1"
"C709206L",11,0,"46110.00","1"
"C156959L",25,0,"3624942.00","1"
"C771189L",-195,0,"116000.00","5"
"C820319L",3,0,"57710.00","1"
"C345656L",-148,0,"116000.00","1"
"C954904L",-3,19,"341388.00","2"
"C781404L",-209,0,"232000.00","1"
"C622272L",-5,0,"139200.00","1"
"C939704L",4,0,"231942.00","1"
"C331799L",-1,343,"613698.00","12"
"C985407L",-275,0,"400200.00","1"
"C802541L",17,4,"2088000.00","2"
"C647975L",16,0,"0.00","2"
"C182629L",143,0,"406000.00","1"
"C685936L",-213,0,"86942.00","1"
"C343034L",24,0,"54810.00","1"
"C421227L",-7,0,"182700.00","1"
"C969876L",-3,0,"165300.00","1"
"C271531L",74,169,"974922.00","2"
"C421236L",47,0,"72500.00","1"
"C645152L",0,0,"269700.00","1"
"C149142L",-201,0,"51620.00","1"
"C278469L",251,0,"261000.00","1"
"C365675L",-8,0,"87000.00","1"
"C640899L",-235,0,"80620.00","1"
"C131307L",-120,164,"243948.00","6"
"C972737L",-135,574,"61052830.00","33"
"C580039L",-1,0,"63510.00","1"
"C469738L",264,0,"72500.00","1"
"C761951L",266,0,"755276.00","2"
"C756954L",21,0,"1154200.00","1"
"C791372L",18,0,"276080.00","1"
"C157094L",9,0,"231710.00","1"
"C159812L",-114,0,"276660.00","1"
"C851879L",82,0,"104400.00","2"
"C986058L",-262,636,"416382.00","5"
"C157780L",10,0,"1566000.00","15"
"C607220L",270,0,"84825.00","1"
"C148215L",-26,0,"45008.00","2"
"C211924L",6,0,"170520.00","3"
"C872595L",24,0,"899000.00","1"
"C771769L",-3,46,"548100.00","2"
"C156505L",41,0,"6960.00","1"
"C958358L",14,0,"72500.00","2"
"C824683L",2,0,"110780.00","1"
"C191651L",-97,155,"800400.00","2"
"C396511L",-94,0,"301716.00","3"
"C307227L",12,0,"2042760.00","1"
"C781591L",16,0,"66120.00","3"
"C441523L",6,34,"881600.00","2"
"C941362L",81,0,"23142.00","1"
"C976390L",10,0,"261000.00","1"
"C934429L",4,0,"347942.00","1"
"C117972L",0,0,"159500.00","2"
"C902927L",-8,0,"174000.00","2"
"C919212L",15,0,"55680.00","1"
"C306430L",139,0,"522000.00","2"
"C383753L",232,0,"545200.00","1"
"C883838L",-4,0,"167040.00","9"
"C380315L",18,0,"50460.00","1"
"C878472L",-122,0,"43500.00","2"
"C649526L",92,0,"130210.00","1"
"C425949L",-153,0,"400200.00","1"
"C997231L",-11,0,"49880.00","1"
"C639870L",15,0,"42340.00","1"
"C870711L",10,0,"863040.00","1"
"C440383L",182,0,"130500.00","1"
"C269011L",218,0,"104400.00","2"
"C317606L",13,0,"41760.00","1"
"C764741L",10,0,"7386764.00","2"
"C588794L",-29,71,"9583572.00","4"
"C220081L",-302,305,"47560.00","2"
"C560166L",-12,0,"46110.00","1"
"C413536L",28,13,"883920.00","3"
"C628245L",-97,0,"464000.00","1"
"C673861L",38,0,"400200.00","1"
"C493539L",16,0,"5707142.00","1"
"C818315L",163,0,"23200.00","1"
"C172703L",4,0,"43500.00","2"
"C164598L",59,127,"334602.00","2"
"C287258L",17,0,"87000.00","2"
"C724168L",199,0,"1612400.00","1"
"C653936L",-109,0,"73950.00","1"
"C642425L",13,0,"91350.00","3"
"C146794L",17,0,"1911680.00","1"
"C849015L",18,0,"400200.00","1"
"C693125L",29,0,"92684.00","2"
"C464239L",18,0,"99760.00","2"
"C951902L",166,0,"34800.00","1"
"C538697L",15,0,"92742.00","1"
"C438910L",36,0,"174000.00","1"
"C287945L",147,31,"9859884.00","2"
"C355195L",5,0,"173884.00","2"
"C910983L",6,0,"109910.00","1"
"C584166L",9,2,"290000.00","2"
"C729377L",-37,0,"351016.00","1"
"C606496L",316,0,"51765.00","3"
"C828643L",3,0,"120640.00","1"
"C680867L",-6,0,"101848.00","1"
"C791023L",-21,141,"1035242.00","5"
"C661990L",172,0,"38280.00","1"
"C718522L",-5,0,"41470.00","1"
"C301616L",-12,55,"24835542.00","5"
"C349194L",-153,0,"59450.00","1"
"C621883L",43,0,"147900.00","1"
"C900524L",165,0,"9570.00","1"
"C800800L",1,0,"78300.00","2"
"C817363L",138,0,"130500.00","3"
"C379337L",-3,0,"448920.00","1"
"C433401L",-136,167,"32074.00","2"
"C241821L",-1,0,"17400.00","1"
"C787582L",-57,82,"339822.00","5"
"C241302L",51,0,"203000.00","1"
"C517688L",45,0,"1826942.00","1"
"C987678L",-224,0,"2146000.00","2"
"C783608L",7,0,"69600.00","10"
"C723754L",7,0,"1925600.00","1"
"C875187L",-50,0,"185600.00","1"
"C325445L",295,0,"173420.00","1"
"C588309L",323,0,"31900.00","1"
"C782148L",-224,0,"33350.00","1"
"C507015L",-12,120,"53012.00","2"
"C830769L",101,0,"86942.00","1"
"C266788L",14,0,"411800.00","1"
"C724739L",19,0,"165300.00","1"
"C832040L",13,215,"66178.00","2"
"C397885L",133,0,"116000.00","1"
"C845220L",-3,0,"31900.00","1"
"C261068L",89,0,"72500.00","1"
"C454810L",-91,0,"189486.00","1"
"C890814L",55,0,"649600.00","1"
"C943270L",103,58,"3770058.00","3"
"C521295L",84,0,"123250.00","1"
"C514321L",214,0,"174000.00","2"
"C477890L",236,0,"21252.94","1"
"C580092L",-151,0,"100050.00","1"
"C516797L",18,0,"243600.00","1"
"C764276L",218,0,"63220.00","2"
"C394914L",5,0,"107880.00","1"
"C246499L",-169,0,"87000.00","1"
"C752594L",-136,0,"29000.00","1"
"C457649L",272,0,"29000.00","1"
"C702189L",9,0,"115942.00","1"
"C741634L",-120,633,"16177070.00","75"
"C984747L",1,0,"89842.00","1"
"C132219L",376,0,"139084.00","2"
"C980590L",-6,0,"151960.00","4"
"C901131L",19,314,"510516.00","6"
"C301447L",16,0,"5800.00","1"
"C862888L",-42,0,"57420.00","6"
"C845061L",76,0,"96570.00","1"
"C333743L",-117,450,"247312.00","17"
"C736540L",15,7,"232000.00","2"
"C245614L",64,0,"208800.00","1"
"C986837L",247,0,"110142.00","1"
"C865882L",-1,0,"106604.00","1"
"C228285L",21,0,"121800.00","1"
"C729816L",23,0,"417600.00","3"
"C196161L",-36,0,"8700.00","1"
"C188448L",-42,0,"28130.00","1"
"C457096L",34,0,"519100.00","2"
"C177529L",-23,0,"106720.00","1"
"C780297L",311,0,"155059.52","1"
"C641246L",74,0,"130210.00","1"
"C773709L",9,0,"278226.00","3"
"C765912L",87,0,"40020.00","1"
"C272191L",-71,0,"98542.00","1"
"C942158L",2,0,"1218000.00","1"
"C499919L",47,0,"120640.00","1"
"C735613L",14,0,"203696.00","2"
"C355402L",-56,0,"269120.00","1"
"C642472L",-240,0,"69600.00","1"
"C817964L",-110,192,"164662.00","3"
"C132488L",22,0,"2783942.00","1"
"C638038L",17,0,"139142.00","1"
"C260177L",261,0,"273760.00","1"
"C166448L",16,0,"400200.00","1"
"C784378L",173,0,"11194.00","1"
"C967540L",241,0,"400200.00","1"
"C223672L",146,0,"261000.00","1"
"C670300L",165,0,"20416.00","1"
"C680794L",37,0,"133342.00","1"
"C734683L",110,0,"162400.00","1"
"C774677L",29,0,"87000.00","1"
"C995963L",-85,0,"139200.00","1"
"C115156L",-14,0,"230840.00","2"
"C343220L",113,0,"174000.00","1"
"C670144L",26,0,"145000.00","1"
"C594854L",-8,0,"57942.00","1"
"C787119L",-118,0,"1566000.00","2"
"C872183L",-45,0,"521420.00","1"
"C239518L",116,0,"5959442.00","2"
"C855457L",67,0,"173942.00","1"
"C872920L",54,173,"17804376.00","6"
"C902805L",191,0,"145000.00","1"
"C494613L",-66,0,"64960.00","1"
"C736830L",2,0,"244296.00","1"
"C756592L",5,0,"531454.00","2"
"C512385L",118,0,"261000.00","1"
"C813380L",11,0,"5278000.00","1"
"C352783L",15,0,"87000.00","1"
"C394968L",191,0,"211410.00","1"
"C653993L",14,0,"17400.00","1"
"C694728L",216,0,"40310.00","1"
"C808661L",15,0,"46400.00","1"
"C450972L",-8,0,"37410.00","1"
"C729143L",167,0,"231942.00","1"
"C271894L",92,0,"115942.00","1"
"C460487L",77,0,"518752000.00","1000"
"C353508L",-62,0,"113100.00","3"
"C963219L",-87,0,"220400.00","1"
"C373791L",135,0,"464000.00","1"
"C762891L",7,0,"34800.00","2"
"C437231L",12,0,"58000.00","1"
"C466172L",0,0,"121800.00","1"
"C425404L",6,0,"185020.00","1"
"C170103L",18,0,"800400.00","1"
"C593262L",-186,0,"870000.00","1"
"C600734L",-9,0,"93960.00","1"
"C811942L",2,0,"32364.00","2"
"C474548L",4,166,"598212.00","8"
"C262497L",34,0,"69310.00","1"
"C437156L",-14,0,"417600.00","1"
"C489601L",227,0,"74240.00","1"
"C275052L",121,0,"400200.00","1"
"C175120L",14,0,"1266720.00","1"
"C541439L",27,0,"696000.00","2"
"C211296L",256,0,"49493.14","1"
"C438206L",-1,0,"43500.00","1"
"C213587L",-11,174,"1286962.00","3"
"C134982L",21,0,"5428800.00","3"
"C462939L",119,0,"48894.00","3"
"C165178L",320,0,"29580.00","1"
"C293590L",353,0,"41470.00","1"
"C675039L",-156,0,"69600.00","1"
"C982843L",225,0,"549840.00","1"
"C360482L",1,40,"4845958.00","8"
"C597119L",104,0,"86826.00","3"
"C837047L",67,0,"217442.00","1"
"C780410L",19,0,"5744842.00","2"
"C837860L",34,0,"11542.00","1"
"C931525L",210,0,"17342.00","1"
"C675106L",-8,0,"122670.00","1"
"C311438L",7,0,"43210.00","1"
"C314803L",248,62,"614800.00","2"
"C412410L",-78,0,"17922.00","1"
"C794673L",38,0,"46110.00","1"
"C702126L",0,0,"219820.00","1"
"C888813L",-4,0,"326250.00","1"
"C814555L",-77,61,"522000.00","2"
"C182031L",-155,0,"59160.00","2"
"C949094L",60,0,"68788.00","2"
"C753019L",-10,0,"72500.00","1"
"C821812L",22,0,"173420.00","1"
"C878727L",76,0,"336342.00","1"
"C887703L",3,345,"3022525.00","2"
"C248905L",93,0,"434420.00","1"
"C445586L",5,0,"22910.00","1"
"C788509L",8,180,"16137340.00","8"
"C824224L",1,245,"164082.00","2"
"C985354L",-173,415,"4880005.74","10"
"C518179L",134,0,"58000.00","1"
"C576524L",172,0,"120060.00","3"
"C218482L",8,0,"545200.00","1"
"C358924L",1,0,"985942.00","1"
"C830977L",-9,174,"872046.82","14"
"C409981L",61,0,"354960.00","36"
"C567307L",33,0,"899000.00","1"
"C652064L",6,0,"86710.00","1"
"C215461L",-24,0,"150800.00","1"
"C892699L",14,342,"638000.00","2"
"C220203L",19,0,"261000.00","1"
"C841484L",205,0,"690200.00","1"
"C405274L",18,0,"1363000.00","1"
"C288932L",69,45,"176320.00","7"
"C188809L",253,90,"510400.00","6"
"C811785L",98,0,"1461484.00","2"
"C738648L",130,0,"261000.00","1"
"C141629L",167,0,"1389738.00","2"
"C120887L",-116,189,"1856000.00","2"
"C266522L",24,0,"145000.00","1"
"C550990L",-160,0,"290000.00","2"
"C602010L",3,0,"4408000.00","1"
"C418640L",5,0,"307110.00","1"
"C289852L",-10,0,"5707142.00","1"
"C803978L",-6,0,"447047.18","1"
"C609115L",-153,0,"994700.00","7"
"C815084L",-1,0,"87000.00","1"
"C761925L",472,0,"52200.00","1"
"C513079L",235,0,"400200.00","1"
"C431185L",138,0,"6960.00","1"
"C469899L",17,0,"57942.00","1"
"C462915L",2,0,"856080.00","4"
"C940603L",28,209,"174000.00","3"
"C970510L",44,0,"2015500.00","5"
"C680109L",169,0,"96570.00","1"
"C376366L",7,0,"27260.00","1"
"C995967L",-74,97,"67802.00","2"
"C475353L",5,0,"63510.00","1"
"C712908L",164,199,"1113600.00","70"
"C245245L",197,0,"137750.00","1"
"C863302L",6,0,"3764200.00","1"
"C173821L",-2,0,"174000.00","2"
"C347383L",67,0,"435000.00","1"
"C996448L",41,21,"487200.00","2"
"C249751L",2,0,"69600.00","1"
"C932085L",358,5,"9402844.00","3"
"C990535L",17,0,"11600.00","1"
"C436261L",2,464,"7145890.00","18"
"C934767L",-64,0,"115942.00","1"
"C908342L",10,0,"240700.00","1"
"C818990L",25,0,"287100.00","1"
"C854145L",-40,0,"56840.00","1"
"C696066L",-40,0,"12760.00","2"
"C494942L",-71,0,"81200.00","1"
"C432825L",4,0,"119828.00","1"
"C767192L",168,0,"86942.00","1"
"C766635L",7,0,"57942.00","1"
"C981321L",4,0,"69600.00","1"
"C880398L",17,240,"115420.00","2"
"C749562L",470,0,"53940.00","1"
"C987239L",47,0,"3702140.00","1"
"C520887L",115,1,"319000.00","10"
"C377488L",-103,0,"579420.00","1"
"C113767L",-248,0,"980200.00","1"
"C437043L",1,0,"58000.00","1"
"C545162L",-134,0,"400200.00","1"
"C287848L",-228,415,"458490.00","21"
"C698745L",354,0,"130500.00","5"
"C481499L",1,0,"1925600.00","1"
"C864285L",-1,0,"31900.00","1"
"C500105L",212,0,"3200.44","3"
"C571966L",91,0,"57420.00","1"
"C970497L",86,0,"86420.00","1"
"C529160L",232,0,"1075900.00","1"
"C596609L",14,0,"342490.00","1"
"C738725L",-197,533,"23321974.00","15"
"C191638L",45,146,"6234942.00","2"
"C206125L",-131,0,"587250.00","5"
"C362244L",358,0,"63510.00","1"
"C263110L",19,22,"281880.00","2"
"C790532L",1,0,"1139700.00","1"
"C261650L",4,0,"145000.00","1"
"C390419L",-11,0,"127600.00","4"
"C763103L",-5,0,"400200.00","1"
"C136681L",-76,438,"355250.00","15"
"C309123L",70,0,"174000.00","1"
"C650808L",-213,0,"154280.00","1"
"C439232L",99,0,"71050.00","1"
"C451523L",14,127,"232000.00","4"
"C624297L",1,0,"635100.00","1"
"C766365L",4,0,"178355.80","1"
"C516284L",162,0,"81142.00","1"
"C630111L",-2,0,"340170.00","1"
"C996931L",1,0,"121800.00","1"
"C623835L",84,0,"49938.00","1"
"C203966L",15,0,"165300.00","1"
"C370659L",11,0,"394400.00","1"
"C810409L",47,0,"144855.00","1"
"C833467L",-75,0,"232812.00","1"
"C614339L",17,0,"49880.00","1"
"C449792L",-11,0,"57942.00","1"
"C224404L",26,0,"69600.00","1"
"C163934L",65,0,"3224800.00","2"
"C615419L",7,0,"40542.00","1"
"C763100L",57,0,"87000.00","1"
"C551004L",-56,0,"130500.00","1"
"C398448L",8,0,"226316.00","1"
"C389857L",468,0,"400142.00","1"
"C264899L",-3,0,"57942.00","1"
"C290034L",6,0,"519680.00","1"
"C796307L",-256,0,"20300.00","1"
"C686513L",7,0,"243600.00","2"
"C525405L",-198,694,"22581430.00","43"
"C119869L",11,0,"292900.00","1"
"C550002L",-9,37,"662244.00","5"
"C208711L",11,0,"261000.00","1"
"C694973L",11,0,"488360.00","1"
"C604324L",-231,0,"1719410.00","1"
"C241052L",51,0,"69961.34","1"
"C580710L",21,0,"5597000.00","1"
"C162016L",-6,0,"98310.00","1"
"C174527L",170,0,"127600.00","1"
"C532671L",267,0,"33640.00","2"
"C565012L",-148,0,"1589142.00","1"
"C363969L",159,31,"127020.00","2"
"C616837L",-75,0,"85840.00","1"
"C910180L",37,11,"137982.00","2"
"C794549L",15,0,"37120.00","1"
"C844500L",11,0,"174000.00","3"
"C189126L",4,0,"162400.00","1"
"C592986L",-208,0,"400200.00","1"
"C726838L",9,0,"110200.00","1"
"C395899L",33,0,"121800.00","1"
"C541932L",43,80,"5644850.00","3"
"C563742L",19,0,"290000.00","1"
"C249867L",376,0,"60842.00","1"
"C284081L",-198,0,"188790.00","1"
"C555100L",3,1,"767920.00","2"
"C845990L",-208,0,"170520.00","6"
"C580970L",-74,0,"400200.00","1"
"C657376L",62,0,"92916.00","1"
"C812535L",-28,43,"86710.00","2"
"C784312L",-16,0,"9744.00","1"
"C903849L",300,0,"57420.00","3"
"C876819L",24,0,"216920.00","1"
"C506034L",0,0,"34800.00","2"
"C799927L",97,0,"46110.00","1"
"C139135L",3,26,"754000.00","13"
"C305124L",6,0,"435000.00","1"
"C937948L",64,0,"93670.00","1"
"C641308L",14,0,"3624942.00","1"
"C958287L",3,261,"20829076.00","13"
"C969977L",238,0,"66120.00","2"
"C492850L",-29,450,"48588804.00","34"
"C319814L",14,0,"468408.00","1"
"C419376L",-189,0,"1044000.00","1"
"C200313L",29,72,"1531374.00","4"
"C672640L",-8,0,"185600.00","1"
"C583837L",-78,0,"1270200.00","2"
"C407736L",426,0,"185600.00","1"
"C980063L",13,38,"277182.00","3"
"C790722L",353,0,"0.00","2"
"C779761L",107,0,"92742.00","1"
"C251997L",-78,204,"541140.00","3"
"C804277L",15,0,"330600.00","3"
"C968002L",5,0,"841000.00","1"
"C475876L",3,0,"373520.00","1"
"C427430L",133,0,"64380.00","1"
"C868076L",17,0,"203000.00","1"
"C822743L",3,0,"3184200.00","1"
"C438346L",-7,0,"207524.00","2"
"C238230L",9,0,"243600.00","1"
"C792410L",-183,261,"375840.00","6"
"C526737L",16,0,"667000.00","1"
"C618173L",4,0,"26100.00","1"
"C917454L",56,0,"359600.00","1"
"C360321L",32,0,"403100.00","1"
"C732052L",36,196,"182410.00","2"
"C194185L",-15,0,"145000.00","1"
"C315207L",1,0,"60900.00","1"
"C194982L",5,0,"74066.00","1"
"C123513L",6,0,"524320.00","1"
"C850633L",-283,0,"1009200.00","1"
"C688551L",-115,0,"56840.00","2"
"C144871L",174,0,"110664.00","1"
"C276703L",-177,0,"66642.00","1"
"C286548L",13,0,"77140.00","1"
"C656414L",22,0,"197200.00","2"
"C235587L",-6,0,"155440.00","1"
"C695771L",-1,0,"17110.00","1"
"C834363L",-32,389,"9638962.00","9"
"C555601L",5,0,"105850.00","1"
"C434444L",2,0,"257868.00","1"
"C365826L",102,0,"78242.00","1"
"C240610L",15,0,"1153620.00","1"
"C439080L",20,0,"75342.00","1"
"C954482L",124,0,"102660.00","1"
"C551324L",15,24,"704990.00","2"
"C946451L",-190,243,"459882.00","3"
"C807888L",-17,0,"51910.00","1"
"C683325L",5,0,"107242.00","1"
"C268849L",170,0,"263436.00","1"
"C741829L",7,0,"31900.00","1"
"C435752L",-208,0,"904800.00","1"
"C416934L",-2,0,"202710.00","1"
"C962381L",10,37,"181250.00","7"
"C772440L",-105,0,"51910.00","1"
"C943932L",90,0,"153410.00","1"
"C114466L",192,0,"174000.00","3"
"C453519L",-85,0,"413540.00","1"
"C123638L",7,0,"4698000.00","1"
"C678257L",-13,384,"6653876.00","12"
"C907593L",154,0,"463420.00","1"
"C363012L",-1,103,"3286744.00","6"
"C514998L",-90,0,"243600.00","1"
"C134413L",136,0,"1116.50","1"
"C205701L",-25,83,"126440.00","4"
"C364393L",9,0,"400200.00","1"
"C405771L",24,0,"400200.00","1"
"C857818L",-161,0,"14500.00","1"
"C695070L",5,0,"116000.00","1"
"C145727L",129,0,"41760.00","1"
"C380601L",119,0,"47560.00","6"
"C652012L",155,0,"53940.00","1"
"C914093L",-144,320,"595254.00","28"
"C610335L",214,0,"174000.00","1"
"C426893L",-2,0,"162400.00","5"
"C694207L",-193,0,"89842.00","1"
"C427924L",156,0,"783000.00","1"
"C180988L",-71,0,"103298.00","1"
"C810023L",3,0,"49300.00","2"
"C388058L",17,0,"86130.00","1"
"C969541L",20,0,"574200.00","1"
"C560607L",1,0,"9526.50","1"
"C362680L",193,0,"1160000.00","1"
"C534088L",-3,0,"261000.00","1"
"C725478L",-5,0,"11310.00","1"
"C724475L",0,0,"232406.00","1"
"C454802L",164,0,"377000.00","1"
"C879247L",20,0,"197200.00","1"
"C904399L",-41,0,"290000.00","1"
"C117901L",12,0,"145000.00","1"
"C413769L",252,0,"78300.00","1"
"C425987L",-3,0,"414700.00","1"
"C585410L",-9,0,"335878.00","2"
"C745322L",-266,0,"69600.00","4"
"C404912L",1,0,"493000.00","1"
"C460966L",204,0,"145000.00","1"
"C444944L",179,0,"203870.00","1"
"C818621L",0,0,"7250.00","1"
"C800136L",-119,0,"264480.00","1"
"C731348L",21,0,"153700.00","1"
"C959549L",76,0,"69600.00","1"
"C477975L",10,0,"165300.00","1"
"C724228L",11,0,"14326000.00","2"
"C709590L",9,0,"116000.00","1"
"C755329L",17,0,"4638840.00","1"
"C860548L",-3,0,"464000.00","1"
"C904118L",-296,0,"72500.00","1"
"C538250L",1,0,"510400.00","1"
"C655359L",11,0,"87000.00","2"
"C812198L",9,0,"400200.00","1"
"C423535L",-7,0,"55100.00","5"
"C817637L",10,0,"36250.00","1"
"C177044L",48,0,"86420.00","1"
"C140278L",370,0,"116000.00","2"
"C515428L",4,0,"159500.00","1"
"C827330L",-73,82,"214252.00","2"
"C207844L",-2,0,"400200.00","1"
"C412936L",88,356,"5192972.00","21"
"C350955L",68,0,"81142.00","1"
"C862573L",9,0,"110200.00","1"
"C270517L",-2,0,"123250.00","1"
"C563295L",8,0,"87000.00","5"
"C126878L",6,0,"57942.00","1"
"C950260L",-16,0,"203000.00","1"
"C339933L",-59,0,"261000.00","1"
"C761435L",66,0,"192560.00","1"
"C492932L",3,0,"516780.00","1"
"C875194L",-44,221,"317028.00","3"
"C535814L",112,0,"69600.00","1"
"C129961L",17,0,"1099100.00","1"
"C755090L",48,0,"31900.00","1"
"C635505L",299,0,"42050.00","1"
"C666371L",66,0,"115710.00","1"
"C195614L",13,0,"405884.00","2"
"C546010L",23,0,"2030000.00","1"
"C864263L",2,0,"57942.00","1"
"C219363L",26,1,"60610.00","2"
"C854979L",12,0,"85550.00","5"
"C505505L",-6,0,"400200.00","1"
"C693442L",-6,0,"284142.00","1"
"C875936L",101,289,"2182540.00","9"
"C268365L",48,0,"29000.00","1"
"C880300L",69,0,"203000.00","1"
"C295679L",6,0,"0.00","2"
"C691411L",6,0,"50750.00","1"
"C259307L",28,22,"198598.38","2"
"C832050L",21,0,"0.00","2"
"C529841L",-71,0,"176900.00","2"
"C332716L",-186,0,"4059942.00","1"
"C494158L",12,0,"81142.00","1"
"C776994L",16,0,"57942.00","1"
"C781710L",257,0,"260710.00","1"
"C714613L",-24,0,"282750.00","1"
"C509023L",5,0,"638000.00","1"
"C182760L",28,0,"242440.00","2"
"C631140L",269,0,"266684.00","2"
"C685409L",-54,0,"34510.00","1"
"C866418L",192,0,"156600.00","3"
"C143245L",-34,114,"1157100.00","3"
"C500464L",16,0,"5596942.00","1"
"C960526L",-138,0,"780100.00","2"
"C504001L",180,0,"5949466.00","1"
"C835403L",15,0,"57942.00","1"
"C926482L",20,0,"400200.00","1"
"C488097L",12,105,"11008168.00","3"
"C368658L",110,0,"0.00","1"
"C210751L",1,0,"3943942.00","1"
"C670128L",26,0,"400200.00","1"
"C207960L",-8,0,"14442.00","1"
"C693623L",-61,0,"400200.00","1"
"C740296L",-8,0,"3714900.00","1"
"C943785L",0,0,"150220.00","2"
"C729711L",55,0,"324800.00","2"
"C948816L",-2,142,"341446.00","3"
"C633382L",8,0,"57710.00","1"
"C112088L",156,0,"5800000.00","4"
"C234358L",-101,0,"35249.50","1"
"C647809L",269,0,"60900.00","3"
"C392770L",16,0,"115942.00","1"
"C485631L",-4,0,"31900.00","1"
"C782890L",-7,0,"139200.00","2"
"C559933L",-145,0,"787350.00","1"
"C898693L",1,0,"5161942.00","1"
"C171874L",10,0,"2667884.00","2"
"C653890L",9,0,"8410000.00","1"
"C352487L",-105,95,"4245716.00","3"
"C763154L",15,0,"40310.00","1"
"C865419L",-7,0,"232000.00","1"
"C179537L",7,0,"10341284.00","2"
